Dataset,Raw_Labels,Kingdom,Phylum,Class,Order,Family,Genus,Species,taxonomy,proposed_label,plankton,living
whoi,Akashiwo,chromista,myzozoa,dinophyceae,gymnodiniales,gymnodiniaceae,akashiwo,,yes,akashiwo,,
whoi,Amphidinium_sp,chromista,myzozoa,dinophyceae,amphidiniales,amphidiniaceae,amphidinium,,yes,amphidinium,,
whoi,Asterionellopsis,chromista,heterokontophyta,bacillariophyceae,fragilariales,fragilariaceae,asterionellopsis,,yes,asterionellopsis,,
whoi,Bacillaria,chromista,heterokontophyta,bacillariophyceae,bacillariales,bacillariaceae,bacillaria,,yes,bacillaria,,
whoi,Bidulphia,chromista,heterokontophyta,bacillariophyceae,biddulphiales,biddulphiaceae,biddulphia,,yes,biddulphia,,
whoi,Cerataulina,chromista,heterokontophyta,bacillariophyceae,hemiaulales,hemiaulaceae,cerataulina,,yes,cerataulina,,
whoi,Cerataulina_flagellate,chromista,heterokontophyta,bacillariophyceae,hemiaulales,hemiaulaceae,cerataulina,,yes,cerataulina,,
whoi,Ceratium,chromista,myzozoa,dinophyceae,gonyaulacales,ceratiaceae,ceratium,,yes,ceratium,,
whoi,Chaetoceros,chromista,heterokontophyta,bacillariophyceae,chaetocerotanae,chaetocerotaceae,chaetoceros,,yes,chaetoceros,,
whoi,Chaetoceros_didymus,chromista,heterokontophyta,bacillariophyceae,chaetocerotanae,chaetocerotaceae,chaetoceros,didymus,yes,chaetoceros didymus,,
whoi,Chaetoceros_didymus_flagellate,chromista,heterokontophyta,bacillariophyceae,chaetocerotanae,chaetocerotaceae,chaetoceros,didymus,yes,chaetoceros didymus,,
whoi,Chaetoceros_flagellate,chromista,heterokontophyta,bacillariophyceae,chaetocerotanae,chaetocerotaceae,chaetoceros,,yes,chaetoceros,,
whoi,Chaetoceros_other,chromista,heterokontophyta,bacillariophyceae,chaetocerotanae,chaetocerotaceae,chaetoceros,,yes,chaetoceros,,
whoi,Chaetoceros_pennate,chromista,heterokontophyta,bacillariophyceae,chaetocerotanae,chaetocerotaceae,chaetoceros,,yes,chaetoceros,,
whoi,Chrysochromulina,chromista,haptophyta,coccolithophyceae,prymnesiales,chrysochromulinaceae,chrysochromulina,,yes,chrysochromulina,,
whoi,Ciliate_mix,chromista,ciliophora,,,,,,yes,ciliophora,,
whoi,Cochlodinium,chromista,myzozoa,dinophyceae,gymnodiniales,gymnodiniaceae,cochlodinium,,yes,cochlodinium,,
whoi,Corethron,chromista,heterokontophyta,bacillariophyceae,corethrales,corethraceae,corethron,,yes,corethron,,
whoi,Coscinodiscus,chromista,heterokontophyta,bacillariophyceae,coscinodiscales,coscinodiscaceae,coscinodiscus,,yes,coscinodiscus,,
whoi,Cylindrotheca,animalia,cnidaria,hydrozoa,leptothecata,,cylindrotheca,,yes,cylindrotheca,,
whoi,DactFragCerataul,chromista,heterokontophyta,bacillariophyceae,hemiaulales,hemiaulaceae,cerataulina,,yes,cerataulina,,
whoi,Dactyliosolen,chromista,heterokontophyta,bacillariophyceae,rhizosoleniales,rhizosoleniaceae,dactyliosolen,,yes,dactyliosolen,,
whoi,Delphineis,chromista,heterokontophyta,bacillariophyceae,rhaponeidales,rhaphoneidaceae,delphineis,,yes,delphineis,,
whoi,Dictyocha,chromista,ochrophyta,dictyochophyceae,dictyochales,dictyochaceae,dictyocha,,yes,dictyocha,,
whoi,Didinium_sp,chromista,ciliophora,litostomatea,haptorida,didiniidae,didinium,,yes,didinium,,
whoi,Dinobryon,chromista,ochrophyta,chrysophyceae,chromulinales,dinobryaceae,dinobryon,,yes,dinobryon,,
whoi,Dinophysis,chromista,myzozoa,dinophyceae,dinophysales,dinophysaceae,dinophysis,,yes,dinophysis,,
whoi,Ditylum,chromista,heterokontophyta,bacillariophyceae,lithodesmiales,lithodesmiaceae,ditylum,,yes,ditylum,,
whoi,Ditylum_parasite,chromista,heterokontophyta,bacillariophyceae,lithodesmiales,lithodesmiaceae,ditylum,,yes,ditylum,,
whoi,Emiliania_huxleyi,chromista,haptophyta,coccolithophyceae,isochrysidales,noelaerhabdaceae,gephyrocapsa,huxleyi,yes,gephyrocapsa huxleyi,,
whoi,Ephemera,animalia,arthropoda,hexapoda,ephemeroptera,ephemeridae,ephemera,,yes,ephemera,,
whoi,Eucampia,chromista,heterokontophyta,bacillariophyceae,hemiaulales,hemiaulaceae,eucampia,,yes,eucampia,,
whoi,Euglena,protozoa,euglenozoa,euglenophyceae,euglenales,euglenaceae,euglena,,yes,euglena,,
whoi,Euplotes_sp,chromista,ciliophora,spirotrichea,euplotida,euplotidae,euplotes,,yes,euplotes,,
whoi,G_delicatula_detritus,chromista,heterokontophyta,bacillariophyceae,rhizosoleniales,rhizosoleniaceae,guinardia,delicatula,yes,guinardia delicatula,,
whoi,G_delicatula_external_parasite,chromista,heterokontophyta,bacillariophyceae,rhizosoleniales,rhizosoleniaceae,guinardia,delicatula,yes,guinardia delicatula,,
whoi,G_delicatula_parasite,chromista,heterokontophyta,bacillariophyceae,rhizosoleniales,rhizosoleniaceae,guinardia,delicatula,yes,guinardia delicatula,,
whoi,Gonyaulax,chromista,myzozoa,dinophyceae,gonyaulacales,gonyaulacaceae,gonyaulax,,yes,gonyaulax,,
whoi,Guinardia_delicatula,chromista,heterokontophyta,bacillariophyceae,rhizosoleniales,rhizosoleniaceae,guinardia,delicatula,yes,guinardia delicatula,,
whoi,Guinardia_flaccida,chromista,heterokontophyta,bacillariophyceae,rhizosoleniales,rhizosoleniaceae,guinardia,flaccida,yes,guinardia flaccida,,
whoi,Guinardia_striata,chromista,heterokontophyta,bacillariophyceae,rhizosoleniales,rhizosoleniaceae,guinardia,striata,yes,guinardia striata,,
whoi,Gyrodinium,chromista,myzozoa,dinophyceae,gymnodiniales,gyrodiniaceae,gyrodinium,,yes,gyrodinium,,
whoi,Hemiaulus,chromista,heterokontophyta,bacillariophyceae,hemiaulales,hemiaulaceae,hemiaulus,,yes,hemiaulus,,
whoi,Heterocapsa_triquetra,chromista,myzozoa,dinophyceae,peridiniales,peridiniaceae,kryptoperidinium,triquetrum,yes,kryptoperidinium triquetrum,,
whoi,Karenia,chromista,myzozoa,dinophyceae,gymnodiniales,kareniaceae,karenia,,yes,karenia,,
whoi,Katodinium_or_Torodinium,chromista,myzozoa,dinophyceae,,,,,yes,dinophyceae,,
whoi,Laboea_strobila,chromista,ciliophora,oligotrichea,oligotrichida,tontoniidae,laboea,strobila,yes,laboea strobila,,
whoi,Lauderia,chromista,heterokontophyta,bacillariophyceae,thalassiosirales,lauderiaceae,lauderia,,yes,lauderia,,
whoi,Leegaardiella_ovalis,chromista,ciliophora,oligotrichea,choreotrichida,leegaardiellidae,leegaardiella,ovalis,yes,leegaardiella ovalis,,
whoi,Leptocylindrus,chromista,heterokontophyta,bacillariophyceae,leptocylindrales,leptocylindraceae,leptocylindrus,,yes,leptocylindrus,,
whoi,Leptocylindrus_mediterraneus,chromista,heterokontophyta,bacillariophyceae,leptocylindrales,leptocylindraceae,leptocylindrus,mediterraneus,yes,leptocylindrus mediterraneus,,
whoi,Licmophora,chromista,heterokontophyta,bacillariophyceae,licmophorales,licmophoraceae,licmophora,,yes,licmophora,,
whoi,Mesodinium_sp,chromista,ciliophora,litostomatea,cyclotrichiida,mesodiniidae,mesodinium,,yes,mesodinium,,
whoi,Odontella,chromista,heterokontophyta,bacillariophyceae,triceratiales,triceratiaceae,odontella,,yes,odontella,,
whoi,Paralia,chromista,heterokontophyta,bacillariophyceae,paraliales,paraliaceae,paralia,,yes,paralia,,
whoi,Parvicorbicula_socialis,protozoa,choanozoa,choanoflagellatea,acanthoecida,acanthoecidae,parvicorbicula,socialis,yes,parvicorbicula socialis,,
whoi,Phaeocystis,chromista,haptophyta,coccolithophyceae,phaeocystales,phaeocystaceae,phaeocystis,,yes,phaeocystis,,
whoi,Pleuronema_sp,chromista,ciliophora,oligohymenophorea,pleuronematida,pleuronematidae,pleuronema,,yes,pleuronema,,
whoi,Pleurosigma,chromista,heterokontophyta,bacillariophyceae,naviculales,pleurosigmataceae,pleurosigma,,yes,pleurosigma,,
whoi,Prorocentrum,chromista,myzozoa,dinophyceae,prorocentrales,prorocentraceae,prorocentrum,,yes,prorocentrum,,
whoi,Proterythropsis_sp,chromista,myzozoa,dinophyceae,gymnodiniales,warnowiaceae,proterythropsis,,yes,proterythropsis,,
whoi,Protoperidinium,chromista,myzozoa,dinophyceae,peridiniales,protoperidiniaceae,protoperidinium,,yes,protoperidinium,,
whoi,Pseudochattonella_farcimen,chromista,ochrophyta,dictyochophyceae,florenciellales,florenciellales,pseudochattonella,farcimen,yes,pseudochattonella farcimen,,
whoi,Pseudonitzschia,chromista,heterokontophyta,bacillariophyceae,bacillariales,bacillariaceae,pseudo-nitzschia,,yes,pseudo-nitzschia,,
whoi,Pyramimonas_longicauda,plantae,chlorophyta,pyramimonadophyceae,pyramimonadales,pyramimonadaceae,pyramimonas,longicauda,yes,pyramimonas longicauda,,
whoi,Rhizosolenia,chromista,heterokontophyta,bacillariophyceae,rhizosoleniales,rhizosoleniaceae,rhizosolenia,,yes,rhizosolenia,,
whoi,Skeletonema,chromista,heterokontophyta,bacillariophyceae,thalassiosirales,skeletonemaceae,skeletonema,,yes,skeletonema,,
whoi,Stephanopyxis,chromista,heterokontophyta,bacillariophyceae,melosirales,stephanopyxidaceae,stephanopyxis,,yes,stephanopyxis,,
whoi,Strobilidium_morphotype1,chromista,ciliophora,oligotrichea,choreotrichida,strobilidiidae,strobilidium,,yes,strobilidium,,
whoi,Strombidium_capitatum,chromista,ciliophora,oligotrichea,oligotrichida,strombidiidae,strombidium,capitatum,yes,strombidium capitatum,,
whoi,Strombidium_conicum,chromista,ciliophora,oligotrichea,oligotrichida,strombidiidae,strombidium,conicum,yes,strombidium conicum,,
whoi,Strombidium_inclinatum,chromista,ciliophora,oligotrichea,oligotrichida,strombidiidae,strombidium,inclinatum,yes,strombidium inclinatum,,
whoi,Strombidium_morphotype1,chromista,ciliophora,oligotrichea,oligotrichida,strombidiidae,strombidium,,yes,strombidium,,
whoi,Strombidium_morphotype2,chromista,ciliophora,oligotrichea,oligotrichida,strombidiidae,strombidium,,yes,strombidium,,
whoi,Strombidium_oculatum,chromista,ciliophora,oligotrichea,oligotrichida,strombidiidae,strombidium,oculatum,yes,strombidium oculatum,,
whoi,Strombidium_wulffi,chromista,ciliophora,oligotrichea,oligotrichida,strombidiidae,strombidium,wulffi,yes,strombidium wulffi,,
whoi,Thalassionema,chromista,heterokontophyta,bacillariophyceae,thalassionematales,thalassionemataceae,thalassionema,,yes,thalassionema,,
whoi,Thalassiosira,chromista,heterokontophyta,bacillariophyceae,thalassiosirales,thalassiosiraceae,thalassiosira,,yes,thalassiosira,,
whoi,Thalassiosira_dirty,chromista,heterokontophyta,bacillariophyceae,thalassiosirales,thalassiosiraceae,thalassiosira,,yes,thalassiosira,,
whoi,Tiarina_fusus,chromista,ciliophora,prostomatea,prorodontida,colepidae,tiarina,fusus,yes,tiarina fusus,,
whoi,Tintinnid,chromista,ciliophora,spirotrichea,tintinnida,,,,yes,tintinnida,,
whoi,Tontonia_appendiculariformis,chromista,ciliophora,oligotrichea,oligotrichida,tontoniidae,tontonia,appendiculariformis,yes,tontonia appendiculariformis,,
whoi,Tontonia_gracillima,chromista,ciliophora,oligotrichea,oligotrichida,tontoniidae,tontonia,gracillima,yes,tontonia gracillima,,
whoi,amoeba,protozoa,amoebozoa,tubulinea,euamoebida,amoebidae,amoeba,,yes,amoeba,,
whoi,bad,,,,,,,,,,,
whoi,bead,,,,,,,,,,,
whoi,bubble,,,,,,,,,,,
whoi,clusterflagellate,protozoa,choanozoa,choanoflagellatea,,,,,yes,choanoflagellatea,,
whoi,detritus,,,,,,,,,,,
whoi,diatom_flagellate,chromista,heterokontophyta,bacillariophyceae,,,,,yes,bacillariophyceae,,
whoi,dino30,chromista,myzozoa,dinophyceae,,,,,yes,dinophyceae,,
whoi,dino_large1,chromista,myzozoa,dinophyceae,,,,,yes,dinophyceae,,
whoi,flagellate_sp3,protozoa,choanozoa,choanoflagellatea,,,,,yes,choanoflagellatea,,
whoi,kiteflagellates,protozoa,euglenozoa,kinetoplastea,bodonida,,,,yes,bodonida,,
whoi,mix,,,,,,,,,,,
whoi,mix_elongated,,,,,,,,,,,
whoi,other_interaction,,,,,,,,,,,
whoi,pennate,chromista,heterokontophyta,bacillariophyceae,pennales,,,,yes,pennales,,
whoi,pennate_morphotype1,chromista,heterokontophyta,bacillariophyceae,pennales,,,,yes,pennales,,
whoi,pennates_on_diatoms,chromista,heterokontophyta,bacillariophyceae,pennales,,,,yes,pennales,,
whoi,pollen,,,,,,,,,,,
whoi,spore,,,,,,,,,,,
whoi,zooplankton,protozoa,,,,,,,yes,protozoa,,
zooscan,Copilia,animalia,arthropoda,copepoda,cyclopoida,sapphirinidae,copilia,,yes,copilia,True,True
zooscan,trunk_Appendicularia,animalia,chordata,appendicularia,copelata,oikopleuridae,,,yes,oikopleuridae,True,True
zooscan,Heterorhabdidae,animalia,arthropoda,copepoda,calanoida,heterorhabdidae,,,yes,heterorhabdidae,True,True
zooscan,part_Siphonophorae,animalia,cnidaria,hydrozoa,siphonophorae,,,,yes,siphonophorae,True,True
zooscan,Rhopalonema velatum,animalia,cnidaria,hydrozoa,trachymedusae,rhopalonematidae,rhopalonema,velatum,yes,rhopalonema velatum,True,True
zooscan,Calanoida,animalia,arthropoda,copepoda,calanoida,,,,yes,calanoida,True,True
zooscan,badfocus,,,,,,,,,,False,False
zooscan,other_egg,,,,,,,,,,False,True
zooscan,Obelia,animalia,cnidaria,hydrozoa,leptothecata,campanulariidae,obelia,,yes,obelia,True,True
zooscan,Creseidae,animalia,mollusca,gastropoda,pteropoda,cliidae,clio,pyramidata,yes,clio pyramidata,True,True
zooscan,Oithonidae,animalia,arthropoda,copepoda,cyclopoida,oithonidae,,,yes,oithonidae,True,True
zooscan,cyphonaute,animalia,bryozoa,,,,,,yes,bryozoa,True,True
zooscan,nectophore_Abylopsis tetragona,animalia,cnidaria,hydrozoa,siphonophorae,abylidae,abylopsis,tetragona,yes,abylopsis tetragona,True,True
zooscan,seaweed,,,,,,,,,,False,True
zooscan,Doliolida,animalia,chordata,thaliacea,doliolida,,,,yes,doliolida,True,True
zooscan,part_Annelida,animalia,annelida,,,,,,yes,annelida,True,True
zooscan,Pontellidae,animalia,arthropoda,copepoda,calanoida,pontellidae,,,yes,pontellidae,True,True
zooscan,Fritillariidae,animalia,chordata,appendicularia,copelata,fritillariidae,,,yes,fritillariidae,True,True
zooscan,Temoridae,animalia,arthropoda,copepoda,calanoida,temoridae,,,yes,temoridae,True,True
zooscan,tail_Chaetognatha,animalia,chaetognatha,,,,,,yes,chaetognatha,True,True
zooscan,nectophore_Diphyidae,animalia,cnidaria,hydrozoa,siphonophorae,diphyidae,,,yes,diphyidae,True,True
zooscan,Cumacea,animalia,arthropoda,malacostraca,cumacea,,,,yes,cumacea,True,True
zooscan,Actiniaria,animalia,cnidaria,hexacorallia,actiniaria,,,,yes,actiniaria,True,True
zooscan,egg_Actinopterygii,animalia,chordata,,,,,,yes,chordata,True,True
zooscan,Metridinidae,animalia,arthropoda,copepoda,calanoida,metridinidae,pleuromamma,abdominalis,yes,pleuromamma abdominalis,True,True
zooscan,larvae_Stomatopoda,animalia,arthropoda,malacostraca,stomatopoda,,,,yes,stomatopoda,True,True
zooscan,Hyperiidea,animalia,arthropoda,malacostraca,amphipoda,,,,yes,amphipoda,True,True
zooscan,egg_Mollusca,animalia,mollusca,,,,,,yes,mollusca,True,True
zooscan,calyptopsis,animalia,arthropoda,malacostraca,euphausiacea,,,,yes,euphausiacea,True,True
zooscan,Eumalacostraca,animalia,arthropoda,malacostraca,,,,,yes,malacostraca,True,True
zooscan,bract_Diphyidae,animalia,cnidaria,hydrozoa,siphonophorae,diphyidae,,,yes,diphyidae,True,True
zooscan,endostyle,animalia,chordata,thaliacea,salpida,salpidae,,,yes,salpidae,True,True
zooscan,Harosa,chromista,,,,,,,yes,chromista,True,True
zooscan,Hydrozoa,animalia,cnidaria,hydrozoa,,,,,yes,hydrozoa,True,True
zooscan,eudoxie_Diphyidae,animalia,cnidaria,hydrozoa,siphonophorae,diphyidae,,,yes,diphyidae,True,True
zooscan,pluteus_Echinoidea,animalia,echinodermata,echinoidea,,,,,yes,echinoidea,True,True
zooscan,Rhincalanidae,animalia,arthropoda,copepoda,calanoida,rhincalanidae,,,yes,rhincalanidae,True,True
zooscan,larvae_Porcellanidae,animalia,arthropoda,malacostraca,decapoda,porcellanidae,,,yes,porcellanidae,True,True
zooscan,fiber,,,,,,,,,,False,False
zooscan,Liriope,animalia,cnidaria,hydrozoa,limnomedusae,geryoniidae,liriope,,yes,liriope,True,True
zooscan,Oikopleuridae,animalia,chordata,appendicularia,copelata,oikopleuridae,,,yes,oikopleuridae,True,True
zooscan,Solmundella bitentaculata,animalia,cnidaria,hydrozoa,narcomedusae,solmundaeginidae,solmundella,bitentaculata,yes,solmundella bitentaculata,True,True
zooscan,megalopa,animalia,arthropoda,malacostraca,decapoda,,,,yes,decapoda,True,True
zooscan,Oncaeidae,animalia,arthropoda,copepoda,cyclopoida,oncaeidae,,,yes,oncaeidae,True,True
zooscan,protozoea_Penaeidae,animalia,arthropoda,malacostraca,decapoda,penaeidae,,,yes,penaeidae,True,True
zooscan,Podon,animalia,arthropoda,branchiopoda,onychopoda,podonidae,podon,,yes,podon,True,True
zooscan,nectophore_Hippopodiidae,animalia,cnidaria,hydrozoa,siphonophorae,hippopodiidae,,,yes,hippopodiidae,True,True
zooscan,larvae_Annelida,animalia,annelida,,,,,,yes,annelida,True,
zooscan,artefact,,,,,,,,,,False,False
zooscan,detritus,,,,,,,,,,False,False
zooscan,Eucalanidae,animalia,arthropoda,copepoda,calanoida,eucalanidae,,,yes,eucalanidae,True,True
zooscan,Insecta,animalia,arthropoda,hexapoda,,,,,yes,hexapoda,False,True
zooscan,Penilia,animalia,arthropoda,branchiopoda,ctenopoda,sididae,penilia,avirostris,yes,penilia avirostris,True,True
zooscan,Salpida,animalia,chordata,thaliacea,salpida,,,,yes,salpida,True,True
zooscan,Gymnosomata,animalia,mollusca,gastropoda,pteropoda,,,,yes,pteropoda,True,True
zooscan,Aglaura,animalia,cnidaria,hydrozoa,trachymedusae,rhopalonematidae,aglaura,hemistoma,yes,aglaura hemistoma,True,True
zooscan,nucleus,animalia,chordata,thaliacea,salpida,salpidae,,,yes,salpidae,True,True
zooscan,part_Crustacea,animalia,arthropoda,,,,,,yes,arthropoda,True,True
zooscan,zoea_Galatheidae,animalia,arthropoda,malacostraca,decapoda,galatheidae,,,yes,galatheidae,True,True
zooscan,Amphipoda,animalia,arthropoda,malacostraca,amphipoda,,,,yes,amphipoda,True,True
zooscan,Euchaetidae,animalia,arthropoda,copepoda,calanoida,euchaetidae,,,yes,euchaetidae,True,True
zooscan,Evadne,animalia,arthropoda,branchiopoda,onychopoda,podonidae,evadne,,yes,evadne,True,True
zooscan,Harpacticoida,animalia,arthropoda,copepoda,harpacticoida,tachidiidae,euterpina,,yes,euterpina,True,True
zooscan,Tomopteridae,animalia,annelida,polychaeta,phyllodocida,tomopteridae,,,yes,tomopteridae,True,True
zooscan,gonophore_Abylopsis tetragona,animalia,cnidaria,hydrozoa,siphonophorae,abylidae,abylopsis,tetragona,yes,abylopsis tetragona,True,True
zooscan,gonophore_Diphyidae,animalia,cnidaria,hydrozoa,siphonophorae,diphyidae,,,yes,diphyidae,True,True
zooscan,bract_Abylopsis tetragona,animalia,cnidaria,hydrozoa,siphonophorae,abylidae,abylopsis,tetragona,yes,abylopsis tetragona,True,True
zooscan,Bassia,animalia,cnidaria,hydrozoa,siphonophorae,abylidae,bassia,bassensis,yes,bassia bassensis,True,True
zooscan,part_Mollusca,animalia,mollusca,,,,,,yes,mollusca,True,True
zooscan,actinula,animalia,cnidaria,hydrozoa,narcomedusae,solmundaeginidae,solmundella,bitentaculata,yes,solmundella bitentaculata,True,True
zooscan,Physonectae,animalia,cnidaria,hydrozoa,siphonophorae,,,,yes,siphonophorae,True,True
zooscan,Cymbulia peroni,animalia,mollusca,gastropoda,pteropoda,cymbuliidae,cymbulia,peroni,yes,cymbulia peroni,True,True
zooscan,Isopoda,animalia,arthropoda,malacostraca,isopoda,cirolanidae,eurydice,,yes,eurydice,True,True
zooscan,pluteus_Ophiuroidea,animalia,echinodermata,ophiuroidea,,,,,yes,ophiuroidea,True,True
zooscan,Bivalvia,animalia,mollusca,bivalvia,,,,,yes,bivalvia,True,True
zooscan,bubble,,,,,,,,,,False,False
zooscan,juvenile_Salpida,animalia,chordata,thaliacea,salpida,,,,yes,salpida,True,True
zooscan,cypris,animalia,arthropoda,thecostraca,,,,,yes,thecostraca,True,True
zooscan,nectophore_Physonectae,animalia,cnidaria,hydrozoa,siphonophorae,,,,yes,siphonophorae,True,True
zooscan,Ostracoda,animalia,arthropoda,ostracoda,,,,,yes,ostracoda,True,True
zooscan,protozoea_Eumalacostraca,animalia,arthropoda,malacostraca,mysida,,,,yes,mysida,True,True
zooscan,Cavolinia inflexa,animalia,mollusca,gastropoda,pteropoda,cavoliniidae,cavolinia,inflexa,yes,cavolinia inflexa,True,True
zooscan,tail_Appendicularia,animalia,chordata,appendicularia,,,,,yes,appendicularia,True,True
zooscan,Actinopterygii,animalia,chordata,,,,,,yes,chordata,True,True
zooscan,Neoceratium,chromista,myzozoa,dinophyceae,gonyaulacales,ceratiaceae,tripos,,yes,tripos,True,True
zooscan,larvae_Echinodermata,animalia,echinodermata,,,,,,yes,echinodermata,True,True
zooscan,part_Cnidaria,animalia,cnidaria,,,,,,yes,cnidaria,True,True
zooscan,eudoxie_Abylopsis tetragona,animalia,cnidaria,hydrozoa,siphonophorae,abylidae,abylopsis,,yes,abylopsis,True,True
zooscan,ephyra,animalia,cnidaria,scyphozoa,,,,,yes,scyphozoa,True,True
zooscan,Limacinidae,animalia,mollusca,gastropoda,pteropoda,limacinidae,,,yes,limacinidae,True,True
zooscan,Mysida,animalia,arthropoda,malacostraca,mysida,,,,yes,mysida,True,True
zooscan,Candaciidae,animalia,arthropoda,copepoda,calanoida,candaciidae,,,yes,candaciidae,True,True
zooscan,other_living,animalia,arthropoda,copepoda,monstrilloida,,,,yes,monstrilloida,False,True
zooscan,Sapphirinidae,animalia,arthropoda,copepoda,cyclopoida,sapphirinidae,,,yes,sapphirinidae,True,True
zooscan,zoea_Brachyura,animalia,arthropoda,malacostraca,decapoda,,,,yes,decapoda,True,True
zooscan,siphonula,animalia,cnidaria,hydrozoa,siphonophorae,,,,yes,siphonophorae,True,True
zooscan,Creseidae acicula,animalia,mollusca,gastropoda,pteropoda,creseidae,creseis,acicula,yes,creseis acicula,True,True
zooscan,Pyrosomatida,animalia,chordata,thaliacea,pyrosomatida,,,,yes,pyrosomatida,True,True
zooscan,Phaeodaria,chromista,cercozoa,thecofilosea,,,,,yes,thecofilosea,True,True
zooscan,larvae_Mysida,animalia,arthropoda,malacostraca,mysida,,,,yes,mysida,True,True
zooscan,Noctiluca,chromista,myzozoa,dinophyceae,noctilucales,noctilucaceae,noctiluca,,yes,noctiluca,True,True
zooscan,head_Chaetognatha,animalia,chaetognatha,,,,,,yes,chaetognatha,True,True
zooscan,Acartiidae,animalia,arthropoda,copepoda,calanoida,acartiidae,,,yes,acartiidae,True,True
zooscan,Chaetognatha,animalia,chaetognatha,,,,,,yes,chaetognatha,True,True
zooscan,Corycaeidae,animalia,arthropoda,copepoda,cyclopoida,corycaeidae,,,yes,corycaeidae,True,True
zooscan,nauplii_Crustacea,animalia,arthropoda,,,,,,yes,arthropoda,True,True
zooscan,protozoea_Sergestidae,animalia,arthropoda,malacostraca,decapoda,sergestidae,,,yes,sergestidae,True,True
zooscan,Ctenophora,chromista,heterokontophyta,bacillariophyceae,fragilariales,fragilariaceae,ctenophora,,yes,ctenophora,True,True
zooscan,Coscinodiscus,chromista,heterokontophyta,bacillariophyceae,coscinodiscales,coscinodiscaceae,coscinodiscus,,yes,coscinodiscus,True,True
zooscan,nauplii_Cirripedia,animalia,arthropoda,thecostraca,,,,,yes,thecostraca,True,True
zooscan,larvae_Luciferidae,animalia,arthropoda,malacostraca,decapoda,luciferidae,,,yes,luciferidae,True,True
zooscan,metanauplii_Crustacea,animalia,arthropoda,,,,,,yes,arthropoda,True,True
zooscan,Haloptilus,animalia,arthropoda,copepoda,calanoida,augaptilidae,haloptilus,,yes,haloptilus,True,True
zooscan,Atlanta,animalia,mollusca,gastropoda,littorinimorpha,atlantidae,,,yes,atlantidae,True,True
zooscan,Centropagidae,animalia,arthropoda,copepoda,calanoida,centropagidae,,,yes,centropagidae,True,True
zooscan,Calocalanus pavo,animalia,arthropoda,copepoda,calanoida,paracalanidae,calocalanus,pavo,yes,calocalanus pavo,True,True
zooscan,Calanidae,animalia,arthropoda,copepoda,calanoida,calanidae,,,yes,calanidae,True,True
zooscan,Annelida,animalia,annelida,,,,,,yes,annelida,True,True
zooscan,cirrus,animalia,arthropoda,thecostraca,,,,,yes,thecostraca,True,True
zooscan,Foraminifera,chromista,foraminifera,globothalamea,rotaliida,globigerinidae,,,yes,globigerinidae,True,True
zoolake,aphanizomenon,bacteria,cyanobacteria,cyanophyceae,nostocales,aphanizomenonaceae,aphanizomenon,,yes,aphanizomenon,,
zoolake,asplanchna,animalia,rotifera,eurotatoria,ploima,asplanchnidae,asplanchna,,yes,asplanchna,,
zoolake,asterionella,chromista,heterokontophyta,bacillariophyceae,fragilariales,fragilariaceae,asterionella,,yes,asterionella,,
zoolake,bosmina,animalia,arthropoda,branchiopoda,anomopoda,bosminidae,bosmina,,yes,bosmina,,
zoolake,brachionus,animalia,rotifera,eurotatoria,ploima,brachionidae,brachionus,,yes,brachionus,,
zoolake,ceratium,chromista,myzozoa,dinophyceae,gonyaulacales,ceratiaceae,ceratium,,yes,ceratium,,
zoolake,chaoborus,animalia,arthropoda,insecta,diptera,chaoboridae,chaoborus,,yes,chaoborus,,
zoolake,conochilus,animalia,rotifera,eurotatoria,flosculariaceae,conochilidae,conochilus,,yes,conochilus,,
zoolake,copepod_skins,animalia,arthropoda,copepoda,,,,,yes,copepoda,,
zoolake,cyclops,animalia,arthropoda,copepoda,cyclopoida,cyclopidae,cyclops,,yes,cyclops,,
zoolake,daphnia,animalia,arthropoda,branchiopoda,anomopoda,daphniidae,daphnia,,yes,daphnia,,
zoolake,daphnia_skins,animalia,arthropoda,branchiopoda,anomopoda,daphniidae,daphnia,,yes,daphnia,,
zoolake,diaphanosoma,animalia,arthropoda,branchiopoda,ctenopoda,sididae,diaphanosoma,,yes,diaphanosoma,,
zoolake,diatom_chain,chromista,heterokontophyta,bacillariophyceae,,,,,yes,bacillariophyceae,,
zoolake,dinobryon,chromista,ochrophyta,chrysophyceae,chromulinales,dinobryaceae,dinobryon,,yes,dinobryon,,
zoolake,dirt,,,,,,,,,,,
zoolake,eudiaptomus,animalia,arthropoda,copepoda,calanoida,diaptomidae,eudiaptomus,,yes,eudiaptomus,,
zoolake,filament,bacteria,cyanobacteria,cyanophyceae,,,,,yes,cyanophyceae,,
zoolake,fish,animalia,chordata,,,,,,yes,chordata,,
zoolake,fragilaria,chromista,heterokontophyta,bacillariophyceae,fragilariales,fragilariaceae,fragilaria,,yes,fragilaria,,
zoolake,hydra,animalia,cnidaria,hydrozoa,anthoathecata,hydridae,hydra,,yes,hydra,,
zoolake,kellicottia,animalia,rotifera,eurotatoria,ploima,brachionidae,kellicottia,,yes,kellicottia,,
zoolake,keratella_cochlearis,animalia,rotifera,eurotatoria,ploima,brachionidae,keratella,cochlearis,yes,keratella cochlearis,,
zoolake,keratella_quadrata,animalia,rotifera,eurotatoria,ploima,brachionidae,keratella,quadrata,yes,keratella quadrata,,
zoolake,leptodora,animalia,arthropoda,branchiopoda,haplopoda,leptodoridae,leptodora,,yes,leptodora,,
zoolake,maybe_cyano,bacteria,cyanobacteria,cyanophyceae,,,,,yes,cyanophyceae,,
zoolake,nauplius,animalia,arthropoda,copepoda,cyclopoida,cyclopidae,cyclops,,yes,cyclops,,
zoolake,paradileptus,chromista,ciliophora,litostomatea,haptorida,tracheliidae,paradileptus,,yes,paradileptus,,
zoolake,polyarthra,animalia,rotifera,eurotatoria,ploima,synchaetidae,polyarthra,,yes,polyarthra,,
zoolake,rotifers,animalia,rotifera,,,,,,yes,rotifera,,
zoolake,synchaeta,animalia,rotifera,eurotatoria,ploima,synchaetidae,synchaeta,,yes,synchaeta,,
zoolake,trichocerca,animalia,rotifera,eurotatoria,ploima,trichocercidae,trichocerca,,yes,trichocerca,,
zoolake,unknown,,,,,,,,,,,
zoolake,unknown_plankton,,,,,,,,,,,
zoolake,uroglena,chromista,ochrophyta,chrysophyceae,ochromonadales,ochromonadaceae,uroglena,,yes,uroglena,,
lensless,ACTINOSPHAERIUM NUCLEOFILUM,chromista,ochrophyta,raphidophyceae,actinophryida,actinosphaeriidae,actinosphaerium,nucleofilum,yes,actinosphaerium nucleofilum,,
lensless,ARCELLA VULGARIS,protozoa,amoebozoa,tubulinea,arcellinida,arcellidae,arcella,vulgaris,yes,arcella vulgaris,,
lensless,BLEPHARISMA AMERICANUM,chromista,ciliophora,heterotrichea,heterotrichida,blepharismidae,blepharisma,americanum,yes,blepharisma americanum,,
lensless,DIDINIUM NASUTUM,chromista,ciliophora,litostomatea,haptorida,didiniidae,didinium,nasutum,yes,didinium nasutum,,
lensless,DILEPTUS,chromista,ciliophora,litostomatea,haptorida,tracheliidae,dileptus,,yes,dileptus,,
lensless,EUPLOTES EURYSTOMUS,chromista,ciliophora,spirotrichea,euplotida,euplotidae,euplotes,eurystomus,yes,euplotes eurystomus,,
lensless,PARAMECIUM  BURSARIA,chromista,ciliophora,oligohymenophorea,peniculida,parameciidae,paramecium,bursaria,yes,paramecium bursaria,,
lensless,SPIROSTOMUM AMBIGUUM,chromista,ciliophora,heterotrichea,heterotrichida,spirostomidae,spirostomum,ambiguum,yes,spirostomum ambiguum,,
lensless,STENTOR COERULEUS,chromista,ciliophora,heterotrichea,heterotrichida,stentoridae,stentor,coeruleus,yes,stentor coeruleus,,
lensless,VOLVOX,plantae,chlorophyta,chlorophyceae,chlamydomonadales,volvocaceae,volvox,,yes,volvox,,
uvp6net,Copepoda,animalia,arthropoda,copepoda,,,,,yes,copepoda,True,True
uvp6net,other<living,,,,,,,,,,False,True
uvp6net,Phyllodocida,animalia,annelida,polychaeta,phyllodocida,,,,yes,phyllodocida,True,True
uvp6net,chain<Salpida,animalia,chordata,thaliacea,salpida,,,,yes,salpida,True,True
uvp6net,Rhizaria,chromista,,,,,,,yes,chromista,True,True
uvp6net,Appendicularia,animalia,chordata,appendicularia,,,,,yes,appendicularia,True,True
uvp6net,Calanoida,animalia,arthropoda,copepoda,calanoida,,,,yes,calanoida,True,False
uvp6net,puff,bacteria,cyanobacteria,cyanophyceae,oscillatoriales,microcoleaceae,trichodesmium,,yes,trichodesmium,True,True
uvp6net,Aulosphaeridae,chromista,cercozoa,thecofilosea,phaeosphaerida,aulosphaeridae,,,yes,aulosphaeridae,True,True
uvp6net,small<Cnidaria,animalia,cnidaria,hydrozoa,,,,,yes,hydrozoa,True,True
uvp6net,Coelodendridae,chromista,cercozoa,thecofilosea,phaeodendrida,coelodendridae,,,yes,coelodendridae,True,True
uvp6net,spiky<Acantharia,chromista,radiozoa,acantharia,,,,,yes,acantharia,True,True
uvp6net,Aulacanthidae,chromista,cercozoa,thecofilosea,phaeocystida,aulacanthidae,,,yes,aulacanthidae,True,True
uvp6net,Hyperiidea,animalia,arthropoda,malacostraca,amphipoda,,,,yes,amphipoda,True,True
uvp6net,darksphere,,,,,,,,,,False,True
uvp6net,other<Cnidaria,animalia,cnidaria,hydrozoa,,,,,yes,hydrozoa,True,True
uvp6net,Eumalacostraca,animalia,arthropoda,malacostraca,,,,,yes,malacostraca,True,True
uvp6net,fuzzy,chromista,radiozoa,acantharia,,,,,yes,acantharia,True,True
uvp6net,fiber,,,,,,,,,,False,False
uvp6net,Swima,animalia,annelida,polychaeta,terebellida,acrocirridae,swima,,yes,swima,True,True
uvp6net,tuff,bacteria,cyanobacteria,cyanophyceae,oscillatoriales,microcoleaceae,trichodesmium,,yes,trichodesmium,True,True
uvp6net,Siphonophorae,animalia,cnidaria,hydrozoa,siphonophorae,,,,yes,siphonophorae,True,True
uvp6net,Creseis acicula,animalia,mollusca,gastropoda,pteropoda,creseidae,creseis,acicula,yes,creseis acicula,True,True
uvp6net,copepoda_eggs,animalia,arthropoda,copepoda,,,,,yes,copepoda,True,True
uvp6net,Echinodermata,animalia,echinodermata,,,,,,yes,echinodermata,True,True
uvp6net,solitaryglobule,chromista,radiozoa,polycystina,nassellaria,,,,yes,nassellaria,True,True
uvp6net,artefact,,,,,,,,,,False,False
uvp6net,filament,,,,,,,,,,False,False
uvp6net,crystal,chromista,heterokontophyta,bacillariophyceae,,,crystalia,,yes,crystalia,False,False
uvp6net,detritus,,,,,,,,,,False,False
uvp6net,Collodaria,chromista,radiozoa,polycystina,nassellaria,,,,yes,nassellaria,True,True
uvp6net,Narcomedusae,animalia,cnidaria,hydrozoa,narcomedusae,,,,yes,narcomedusae,True,True
uvp6net,dead<house,animalia,chordata,appendicularia,,,,,yes,appendicularia,True,True
uvp6net,Salpida,animalia,chordata,thaliacea,salpida,,,,yes,salpida,True,True
uvp6net,Amphipoda,animalia,arthropoda,malacostraca,amphipoda,,,,yes,amphipoda,True,True
uvp6net,Trachymedusae,animalia,cnidaria,hydrozoa,trachymedusae,halicreatidae,botrynema,,yes,botrynema,True,True
uvp6net,Aulatractus,,,,,,,,,,True,True
uvp6net,star<Acantharia,chromista,radiozoa,acantharia,,,,,yes,acantharia,True,True
uvp6net,like<Copepoda,animalia,arthropoda,copepoda,,,,,yes,copepoda,True,True
uvp6net,t004,,,,,,,,,,False,False
uvp6net,Ostracoda,animalia,arthropoda,ostracoda,,,,,yes,ostracoda,True,True
uvp6net,t011,,,,,,,,,,False,False
uvp6net,Actinopterygii,animalia,chordata,,,,,,yes,chordata,True,True
uvp6net,spiky<Coelodendridae,chromista,cercozoa,thecofilosea,phaeodendrida,coelodendridae,,,yes,coelodendridae,True,True
uvp6net,like<Rhizaria,chromista,,,,,,,yes,chromista,True,True
uvp6net,solitaryblack,chromista,radiozoa,polycystina,nassellaria,,,,yes,nassellaria,True,True
uvp6net,Chaetognatha,animalia,chaetognatha,,,,,,yes,chaetognatha,True,True
uvp6net,Thecosomata,animalia,mollusca,gastropoda,pteropoda,cavoliniidae,cavolinia,inflexa,yes,cavolinia inflexa,True,True
uvp6net,Ctenophora,chromista,heterokontophyta,bacillariophyceae,fragilariales,fragilariaceae,ctenophora,,yes,ctenophora,True,True
uvp6net,reflection,,,,,,,,,,False,False
uvp6net,Calanidae,animalia,arthropoda,copepoda,calanoida,calanidae,,,yes,calanidae,True,True
uvp6net,Annelida,animalia,annelida,polychaeta,terebellida,flabelligeridae,poeobius,,yes,poeobius,True,True
uvp6net,cloud,chromista,radiozoa,polycystina,nassellaria,,,,yes,nassellaria,True,True
uvp6net,Foraminifera,chromista,foraminifera,,,,,,yes,foraminifera,True,True
zoocamnet,Acartiidae,animalia,arthropoda,copepoda,calanoida,acartiidae,,,yes,acartiidae,True,True
zoocamnet,Actinopterygii,animalia,chordata,,,,,,yes,chordata,True,True
zoocamnet,Amphipoda,animalia,arthropoda,malacostraca,amphipoda,,,,yes,amphipoda,True,True
zoocamnet,Annelida,animalia,annelida,,,,,,yes,annelida,True,True
zoocamnet,Appendicularia,animalia,chordata,appendicularia,,,,,yes,appendicularia,True,True
zoocamnet,artefact,,,,,,,,,,False,False
zoocamnet,Bivalvia,animalia,mollusca,bivalvia,,,,,yes,bivalvia,True,True
zoocamnet,bract_Diphyidae,animalia,cnidaria,hydrozoa,siphonophorae,diphyidae,,,yes,diphyidae,True,True
zoocamnet,bubble,,,,,,,,,,False,False
zoocamnet,Calanidae,animalia,arthropoda,copepoda,calanoida,calanidae,,,yes,calanidae,True,True
zoocamnet,Calanoida,animalia,arthropoda,copepoda,calanoida,,,,yes,calanoida,True,True
zoocamnet,Calocalanus,animalia,arthropoda,copepoda,calanoida,paracalanidae,calocalanus,,yes,calocalanus,True,True
zoocamnet,Candaciidae,animalia,arthropoda,copepoda,calanoida,candaciidae,,,yes,candaciidae,True,True
zoocamnet,Cavoliniidae,animalia,mollusca,gastropoda,pteropoda,cavoliniidae,,,yes,cavoliniidae,True,True
zoocamnet,Centropagidae,animalia,arthropoda,copepoda,calanoida,centropagidae,,,yes,centropagidae,True,True
zoocamnet,Chaetognatha,animalia,chaetognatha,,,,,,yes,chaetognatha,True,True
zoocamnet,chainlarge,chromista,heterokontophyta,bacillariophyceae,fragilariales,fragilariaceae,diatoma,,yes,diatoma,True,True
zoocamnet,Ciripedia,animalia,arthropoda,thecostraca,,,,,yes,thecostraca,True,True
zoocamnet,Cladocera,animalia,mollusca,bivalvia,,inoceramidae,cladoceramus,,yes,cladoceramus,True,True
zoocamnet,Cnidaria,,,,,,,,,,True,True
zoocamnet,comb_Ctenophora,chromista,heterokontophyta,bacillariophyceae,fragilariales,fragilariaceae,ctenophora,,yes,ctenophora,True,True
zoocamnet,Copepoda,animalia,arthropoda,copepoda,,,,,yes,copepoda,True,True
zoocamnet,Corycaeidae,animalia,arthropoda,copepoda,cyclopoida,corycaeidae,,,yes,corycaeidae,True,True
zoocamnet,Ctenophora,chromista,heterokontophyta,bacillariophyceae,fragilariales,fragilariaceae,ctenophora,,yes,ctenophora,True,True
zoocamnet,Cyclopoida,animalia,arthropoda,copepoda,cyclopoida,,,,yes,cyclopoida,True,True
zoocamnet,cyphonaute,animalia,bryozoa,,,,,,yes,bryozoa,True,True
zoocamnet,Decapoda,animalia,arthropoda,malacostraca,decapoda,,,,yes,decapoda,True,True
zoocamnet,detritus,,,,,,,,,,False,False
zoocamnet,Diatoma,chromista,heterokontophyta,bacillariophyceae,fragilariales,fragilariaceae,diatoma,,yes,diatoma,True,True
zoocamnet,Diatoma tenuis,chromista,heterokontophyta,bacillariophyceae,fragilariales,fragilariaceae,diatoma,tenuis,yes,diatoma tenuis,True,True
zoocamnet,Doliolida,animalia,chordata,thaliacea,doliolida,,,,yes,doliolida,True,True
zoocamnet,egg_Actinopterygii,animalia,chordata,,,,,,yes,chordata,True,True
zoocamnet,egg_Engraudilae,animalia,chordata,teleostei,clupeiformes,,,,yes,clupeiformes,True,True
zoocamnet,egg_Mollusca,animalia,mollusca,,,,,,yes,mollusca,True,True
zoocamnet,egg_other,,,,,,,,,,True,True
zoocamnet,egg_Sardina,animalia,chordata,teleostei,clupeiformes,,,,yes,clupeiformes,True,True
zoocamnet,empty_Copepoda,animalia,arthropoda,copepoda,,,,,yes,copepoda,True,True
zoocamnet,empty_Harpacticoida,animalia,arthropoda,copepoda,harpacticoida,,,,yes,harpacticoida,True,True
zoocamnet,Euchaeta,animalia,arthropoda,copepoda,calanoida,euchaetidae,euchaeta,,yes,euchaeta,True,True
zoocamnet,eudoxie_Diphyidae,animalia,cnidaria,hydrozoa,siphonophorae,diphyidae,,,yes,diphyidae,True,True
zoocamnet,Euterpina,animalia,arthropoda,copepoda,harpacticoida,tachidiidae,euterpina,,yes,euterpina,True,True
zoocamnet,Evadne,animalia,arthropoda,branchiopoda,onychopoda,podonidae,evadne,,yes,evadne,True,True
zoocamnet,feces,,,,,,,,,,False,False
zoocamnet,fiber_detritus,,,,,,,,,,False,False
zoocamnet,fiber_plastic,,,,,,,,,,False,False
zoocamnet,Gastropoda,animalia,mollusca,gastropoda,,,,,yes,gastropoda,True,True
zoocamnet,gelatinous,,,,,,,,,,False,False
zoocamnet,gonophore_Diphyidae,animalia,cnidaria,hydrozoa,siphonophorae,diphyidae,,,yes,diphyidae,True,True
zoocamnet,Halosphaera,plantae,chlorophyta,pyramimonadophyceae,pyramimonadales,pyramimonadaceae,halosphaera,,yes,halosphaera,True,True
zoocamnet,Harpacticoida,animalia,arthropoda,copepoda,harpacticoida,,,,yes,harpacticoida,True,True
zoocamnet,Hydrozoa,animalia,cnidaria,hydrozoa,,,,,yes,hydrozoa,True,True
zoocamnet,Isias,animalia,arthropoda,copepoda,calanoida,centropagidae,isias,,yes,isias,True,True
zoocamnet,larvae_Annelida,animalia,annelida,,,,,,yes,annelida,True,True
zoocamnet,larvae_Crustacea,animalia,arthropoda,,,,,,yes,arthropoda,True,True
zoocamnet,larvae_Echinodermata,animalia,echinodermata,,,,,,yes,echinodermata,True,True
zoocamnet,light_detritus,,,,,,,,,,False,False
zoocamnet,Limacinidae,animalia,mollusca,gastropoda,pteropoda,limacinidae,,,yes,limacinidae,True,True
zoocamnet,Luidiidae,animalia,echinodermata,asteroidea,paxillosida,luidiidae,,,yes,luidiidae,True,True
zoocamnet,medium_detritus,,,,,,,,,,False,False
zoocamnet,megalopa,animalia,arthropoda,malacostraca,decapoda,,,,yes,decapoda,True,True
zoocamnet,Metrinidae,animalia,arthropoda,copepoda,calanoida,metrinidae,,,yes,metrinidae,True,True
zoocamnet,Microstella,animalia,mollusca,gastropoda,pylopulmonata,pyramidellidae,microstellaria,,yes,microstellaria,True,True
zoocamnet,multiple_Copepoda,animalia,arthropoda,copepoda,,,,,yes,copepoda,True,True
zoocamnet,Nannosquillidae,animalia,arthropoda,malacostraca,stomatopoda,nannosquillidae,,,yes,nannosquillidae,True,True
zoocamnet,nauplii_Crustacea,animalia,arthropoda,,,,,,yes,arthropoda,True,True
zoocamnet,nectophore_Diphyidae,animalia,cnidaria,hydrozoa,siphonophorae,diphyidae,,,yes,diphyidae,True,True
zoocamnet,Neoceratium,chromista,myzozoa,dinophyceae,gonyaulacales,ceratiaceae,neoceratium,,yes,neoceratium,True,True
zoocamnet,Noctiluca,chromista,myzozoa,dinophyceae,noctilucales,noctilucaceae,noctiluca,,yes,noctiluca,True,True
zoocamnet,Obelia,animalia,cnidaria,hydrozoa,leptothecata,campanulariidae,obelia,,yes,obelia,True,True
zoocamnet,Oncaea,animalia,arthropoda,copepoda,cyclopoida,oncaeidae,oncaea,,yes,oncaea,True,True
zoocamnet,other_Crustacea,animalia,arthropoda,,,,,,yes,arthropoda,True,True
zoocamnet,other_living,,,,,,,,,,False,False
zoocamnet,other_plastic,,,,,,,,,,False,False
zoocamnet,other_Siphonophorae,animalia,cnidaria,hydrozoa,siphonophorae,,,,yes,siphonophorae,True,True
zoocamnet,part_Crustacea,animalia,arthropoda,,,,,,yes,arthropoda,True,True
zoocamnet,Penilia,animalia,arthropoda,branchiopoda,ctenopoda,sididae,penilia,,yes,penilia,True,True
zoocamnet,Phoronida,animalia,phoronida,,,,,,yes,phoronida,True,True
zoocamnet,Physonectae,animalia,cnidaria,hydrozoa,siphonophorae,,,,yes,siphonophorae,True,True
zoocamnet,pluteus_Echinodermata,animalia,echinodermata,,,,,,yes,echinodermata,True,True
zoocamnet,Podon,animalia,arthropoda,branchiopoda,onychopoda,podonidae,podon,,yes,podon,True,True
zoocamnet,Poecilostomatoida,,,,,,,,,,True,True
zoocamnet,Pontellidae,animalia,arthropoda,copepoda,calanoida,pontellidae,,,yes,pontellidae,True,True
zoocamnet,Porcellanidae,animalia,arthropoda,malacostraca,decapoda,porcellanidae,,,yes,porcellanidae,True,True
zoocamnet,Rhizaria,chromista,,,,,,,yes,chromista,True,True
zoocamnet,Rhizosolenids,,,,,,,,,,True,True
zoocamnet,shrimp_like,animalia,arthropoda,malacostraca,,,,,yes,malacostraca,True,True
zoocamnet,tail_Appendicularia,animalia,chordata,appendicularia,,,,,yes,appendicularia,True,True
zoocamnet,Temoridae,animalia,arthropoda,copepoda,calanoida,temoridae,,,yes,temoridae,True,True
zoocamnet,Thalassionema,chromista,heterokontophyta,bacillariophyceae,thalassionematales,thalassionemataceae,thalassionema,,yes,thalassionema,True,True
zoocamnet,Thaliacea,animalia,chordata,thaliacea,,,,,yes,thaliacea,True,True
zoocamnet,Trichodesmium,bacteria,cyanobacteria,cyanophyceae,oscillatoriales,microcoleaceae,trichodesmium,,yes,trichodesmium,True,True
zoocamnet,veliger,animalia,mollusca,,,,,,yes,mollusca,True,True
zoocamnet,zoea_brachyura,animalia,arthropoda,malacostraca,decapoda,,,,yes,decapoda,True,True
sykezooscan2024,Bivalvia,animalia,mollusca,bivalvia,,,,,yes,bivalvia,,
sykezooscan2024,Bivalvia_multiple,animalia,mollusca,bivalvia,,,,,yes,bivalvia,,
sykezooscan2024,Bosmina_sp,animalia,arthropoda,branchiopoda,anomopoda,bosminidae,bosmina,,yes,bosmina,,
sykezooscan2024,Bubbles,,,,,,,,,,,
sykezooscan2024,Ceriodaphnia_sp,animalia,arthropoda,branchiopoda,anomopoda,daphniidae,ceriodaphnia,,yes,ceriodaphnia,,
sykezooscan2024,Copepoda_calanoida,animalia,arthropoda,copepoda,calanoida,,,,yes,calanoida,,
sykezooscan2024,Copepoda_cyclopoida,animalia,arthropoda,copepoda,cyclopoida,,,,yes,cyclopoida,,
sykezooscan2024,Copepoda_nauplius,animalia,arthropoda,copepoda,cyclopoida,cyclopidae,cyclops,,yes,cyclops,,
sykezooscan2024,Daphnia_sp,animalia,arthropoda,branchiopoda,anomopoda,daphniidae,daphnia,,yes,daphnia,,
sykezooscan2024,Eggs,,,,,,,,,,,
sykezooscan2024,Evadne_sp,animalia,arthropoda,branchiopoda,onychopoda,podonidae,evadne,,yes,evadne,,
sykezooscan2024,Fibers_etc,,,,,,,,,,,
sykezooscan2024,Fish_eggs,,,,,,,,,,,
sykezooscan2024,Gastropoda,animalia,mollusca,gastropoda,,,,,yes,gastropoda,,
sykezooscan2024,Harpacticoida,animalia,arthropoda,copepoda,harpacticoida,,,,yes,harpacticoida,,
sykezooscan2024,Mysis_sp,animalia,arthropoda,malacostraca,mysida,mysidae,mysis,,yes,mysis,,
sykezooscan2024,Podon_sp,animalia,arthropoda,branchiopoda,onychopoda,podonidae,podon,,yes,podon,,
sykezooscan2024,Polychaeta,animalia,annelida,polychaeta,,,,,yes,polychaeta,,
sykezooscan2024,Sessilia,animalia,arthropoda,thecostraca,sessilia,,,,yes,sessilia,,
sykezooscan2024,Synchaeta_sp,animalia,rotifera,eurotatoria,ploima,synchaetidae,synchaeta,,yes,synchaeta,,
medplanktonset,Akashiwo_sanguinea,chromista,myzozoa,dinophyceae,gymnodiniales,gymnodiniaceae,akashiwo,sanguinea,yes,akashiwo sanguinea,,
medplanktonset,Alexandrium_spp,chromista,myzozoa,dinophyceae,gonyaulacales,pyrocystaceae,alexandrium,,yes,alexandrium,,
medplanktonset,Amphidinium_spp,chromista,myzozoa,dinophyceae,amphidiniales,amphidiniaceae,amphidinium,,yes,amphidinium,,
medplanktonset,Appendicularia,animalia,chordata,appendicularia,,,,,yes,appendicularia,,
medplanktonset,Asterionellopsis_cf._glacialis,chromista,heterokontophyta,bacillariophyceae,fragilariales,fragilariaceae,asterionellopsis,glacialis,yes,asterionellopsis glacialis,,
medplanktonset,Asteromphalus_sarcophagus,chromista,heterokontophyta,bacillariophyceae,asterolamprales,asterolampraceae,asteromphalus,sarcophagus,yes,asteromphalus sarcophagus,,
medplanktonset,Asteromphalus_spp,chromista,heterokontophyta,bacillariophyceae,asterolamprales,asterolampraceae,asteromphalus,,yes,asteromphalus,,
medplanktonset,Azadinium_caudatum,chromista,myzozoa,dinophyceae,dinophyceae,amphidomataceae,azadinium,caudatum,yes,azadinium caudatum,,
medplanktonset,Bacteriastrum_spp,chromista,heterokontophyta,bacillariophyceae,chaetocerotanae,chaetocerotaceae,bacteriastrum,,yes,bacteriastrum,,
medplanktonset,Calciopappus_caudatus,chromista,haptophyta,coccolithophyceae,syracosphaerales,syracosphaeraceae,calciopappus,caudatus,yes,calciopappus caudatus,,
medplanktonset,Calciosolenia_brasiliensis,chromista,haptophyta,coccolithophyceae,syracosphaerales,calciosoleniaceae,calciosolenia,brasiliensis,yes,calciosolenia brasiliensis,,
medplanktonset,Centric_diatoms,chromista,heterokontophyta,bacillariophyceae,centrales,,,,yes,centrales,,
medplanktonset,Cerataulina_pelagica,chromista,heterokontophyta,bacillariophyceae,hemiaulales,hemiaulaceae,cerataulina,pelagica,yes,cerataulina pelagica,,
medplanktonset,Ceratoperidinium_margalefii,chromista,myzozoa,dinophyceae,gymnodiniales,warnowiaceae,ceratoperidinium,margalefii,yes,ceratoperidinium margalefii,,
medplanktonset,Chaetoceros_anastomonsans,chromista,heterokontophyta,bacillariophyceae,chaetocerotanae,chaetocerotaceae,chaetoceros,anastomonsans,yes,chaetoceros anastomonsans,,
medplanktonset,Chaetoceros_curvisetus_Chaetoceros_pseudocurvisetus,chromista,heterokontophyta,bacillariophyceae,chaetocerotanae,chaetocerotaceae,chaetoceros,,yes,chaetoceros,,
medplanktonset,Chaetoceros_danicus,chromista,heterokontophyta,bacillariophyceae,chaetocerotanae,chaetocerotaceae,chaetoceros,danicus,yes,chaetoceros danicus,,
medplanktonset,Chaetoceros_decipiens,chromista,heterokontophyta,bacillariophyceae,chaetocerotanae,chaetocerotaceae,chaetoceros,decipiens,yes,chaetoceros decipiens,,
medplanktonset,Chaetoceros_diversus,chromista,heterokontophyta,bacillariophyceae,chaetocerotanae,chaetocerotaceae,chaetoceros,diversus,yes,chaetoceros diversus,,
medplanktonset,Chaetoceros_peruvianus,chromista,heterokontophyta,bacillariophyceae,chaetocerotanae,chaetocerotaceae,chaetoceros,peruvianus,yes,chaetoceros peruvianus,,
medplanktonset,Chaetoceros_protuberans_Chaetoceros_didymus,chromista,heterokontophyta,bacillariophyceae,chaetocerotanae,chaetocerotaceae,chaetoceros,,yes,chaetoceros,,
medplanktonset,Chaetoceros_socialis,chromista,heterokontophyta,bacillariophyceae,chaetocerotanae,chaetocerotaceae,chaetoceros,socialis,yes,chaetoceros socialis,,
medplanktonset,Chaetoceros_spp,chromista,heterokontophyta,bacillariophyceae,chaetocerotanae,chaetocerotaceae,chaetoceros,,yes,chaetoceros,,
medplanktonset,Chaetoceros_tortissimus,chromista,heterokontophyta,bacillariophyceae,chaetocerotanae,chaetocerotaceae,chaetoceros,tortissimus,yes,chaetoceros tortissimus,,
medplanktonset,Chrysochromulina_lanceolata,chromista,haptophyta,coccolithophyceae,prymnesiales,chrysochromulinaceae,chrysochromulina,lanceolata,yes,chrysochromulina lanceolata,,
medplanktonset,Chrysochromulina_parkeae,chromista,haptophyta,coccolithophyceae,prymnesiales,chrysochromulinaceae,chrysochromulina,parkeae,yes,chrysochromulina parkeae,,
medplanktonset,Ciliates,chromista,ciliophora,,,,,,yes,ciliophora,,
medplanktonset,Cladopyxis_cf._brachiolata,chromista,myzozoa,dinophyceae,gonyaulacales,cladopyxidaceae,cladopyxis,brachiolata,yes,cladopyxis brachiolata,,
medplanktonset,Copepod_copepodites,animalia,arthropoda,copepoda,,,,,yes,copepoda,,
medplanktonset,Copepod_eggs,animalia,arthropoda,copepoda,,,,,yes,copepoda,,
medplanktonset,Copepod_nauplii,animalia,arthropoda,copepoda,,,,,yes,copepoda,,
medplanktonset,Corythodinium_constrictum,chromista,myzozoa,dinophyceae,peridiniales,oxytoxaceae,corythodinium,constrictum,yes,corythodinium constrictum,,
medplanktonset,Corythodinium_milneri,chromista,myzozoa,dinophyceae,peridiniales,oxytoxaceae,corythodinium,milneri,yes,corythodinium milneri,,
medplanktonset,Cryptophyceae,chromista,cryptophyta,cryptophyceae,,,,,yes,cryptophyceae,,
medplanktonset,Cylindrotheca_closterium-like,chromista,heterokontophyta,bacillariophyceae,bacillariales,bacillariaceae,cylindrotheca,closterium,yes,cylindrotheca closterium,,
medplanktonset,Dactyliosolen_blavyanus,chromista,heterokontophyta,bacillariophyceae,rhizosoleniales,rhizosoleniaceae,dactyliosolen,blavyanus,yes,dactyliosolen blavyanus,,
medplanktonset,Dactyliosolen_fragilissimus,chromista,heterokontophyta,bacillariophyceae,rhizosoleniales,rhizosoleniaceae,dactyliosolen,fragilissimus,yes,dactyliosolen fragilissimus,,
medplanktonset,Dictyocha_fibula,chromista,ochrophyta,dictyochophyceae,dictyochales,dictyochaceae,dictyocha,fibula,yes,dictyocha fibula,,
medplanktonset,Dictyocysta_spp._Codonaria_spp,chromista,ciliophora,oligotrichea,choreotrichida,,,,yes,choreotrichida,,
medplanktonset,Dinobryon_coalescens,chromista,ochrophyta,chrysophyceae,chromulinales,dinobryaceae,dinobryon,coalescens,yes,dinobryon coalescens,,
medplanktonset,Dinophysis_caudata,chromista,myzozoa,dinophyceae,dinophysales,dinophysaceae,dinophysis,caudata,yes,dinophysis caudata,,
medplanktonset,Dinophysis_parva,chromista,myzozoa,dinophyceae,dinophysales,dinophysaceae,dinophysis,parva,yes,dinophysis parva,,
medplanktonset,Dinophysis_sacculus,chromista,myzozoa,dinophyceae,dinophysales,dinophysaceae,dinophysis,sacculus,yes,dinophysis sacculus,,
medplanktonset,Dinophysis_spp,chromista,myzozoa,dinophyceae,dinophysales,dinophysaceae,dinophysis,,yes,dinophysis,,
medplanktonset,Dinophysis_tripos,chromista,myzozoa,dinophyceae,dinophysales,dinophysaceae,dinophysis,tripos,yes,dinophysis tripos,,
medplanktonset,Discosphaera_tubifera,chromista,haptophyta,coccolithophyceae,syracosphaerales,rhabdosphaeraceae,discosphaera,tubifera,yes,discosphaera tubifera,,
medplanktonset,Eucampia_cornuta,chromista,heterokontophyta,bacillariophyceae,hemiaulales,hemiaulaceae,eucampia,cornuta,yes,eucampia cornuta,,
medplanktonset,Euglenophyceae,protozoa,euglenozoa,euglenophyceae,,,,,yes,euglenophyceae,,
medplanktonset,Gonyaulax_polygramma,chromista,myzozoa,dinophyceae,gonyaulacales,gonyaulacaceae,gonyaulax,polygramma,yes,gonyaulax polygramma,,
medplanktonset,Gonyaulax_spp,chromista,myzozoa,dinophyceae,gonyaulacales,gonyaulacaceae,gonyaulax,,yes,gonyaulax,,
medplanktonset,Guinardia_flaccida,chromista,heterokontophyta,bacillariophyceae,rhizosoleniales,rhizosoleniaceae,guinardia,flaccida,yes,guinardia flaccida,,
medplanktonset,Guinardia_striata_Dactyliosolen_phuketensis,chromista,heterokontophyta,bacillariophyceae,rhizosoleniales,rhizosoleniaceae,,,yes,rhizosoleniaceae,,
medplanktonset,Gyrodinium_spirale_Gyrodinium_fusiforme,chromista,myzozoa,dinophyceae,gymnodiniales,gyrodiniaceae,gyrodinium,,yes,gyrodinium,,
medplanktonset,Haslea_silbo,chromista,heterokontophyta,bacillariophyceae,naviculales,naviculaceae,haslea,silbo,yes,haslea silbo,,
medplanktonset,Helicotheca_tamesis,chromista,heterokontophyta,bacillariophyceae,lithodesmiales,lithodesmiaceae,helicotheca,tamesis,yes,helicotheca tamesis,,
medplanktonset,Hemiaulus_hauckii_Hemiaulus_sinensis,chromista,heterokontophyta,bacillariophyceae,hemiaulales,hemiaulaceae,hemiaulus,,yes,hemiaulus,,
medplanktonset,Heterocapsa_niei-like,chromista,myzozoa,dinophyceae,peridiniales,heterocapsaceae,heterocapsa,,yes,heterocapsa,,
medplanktonset,Kapelodinium_vestifici,chromista,myzozoa,dinophyceae,torodiniales,kapelodiniaceae,kapelodinium,vestifici,yes,kapelodinium vestifici,,
medplanktonset,Karenia_papilionacea,chromista,myzozoa,dinophyceae,gymnodiniales,kareniaceae,karenia,papilionacea,yes,karenia papilionacea,,
medplanktonset,Karenia_spp,chromista,myzozoa,dinophyceae,gymnodiniales,kareniaceae,karenia,spp,yes,karenia spp,,
medplanktonset,Lauderia_annulata,chromista,heterokontophyta,bacillariophyceae,thalassiosirales,lauderiaceae,lauderia,annulata,yes,lauderia annulata,,
medplanktonset,Leptocylindrus_spp,chromista,heterokontophyta,bacillariophyceae,leptocylindrales,leptocylindraceae,leptocylindrus,,yes,leptocylindrus,,
medplanktonset,Licmophora_spp,chromista,heterokontophyta,bacillariophyceae,licmophorales,licmophoraceae,licmophora,,yes,licmophora,,
medplanktonset,Lioloma_pacificum,chromista,heterokontophyta,bacillariophyceae,thalassionematales,thalassionemataceae,lioloma,pacificum,yes,lioloma pacificum,,
medplanktonset,Lithodesmium_variabile,chromista,heterokontophyta,bacillariophyceae,lithodesmiales,lithodesmiaceae,lithodesmium,variabile,yes,lithodesmium variabile,,
medplanktonset,Meringosphaera_mediterranea,chromista,ochrophyta,xanthophyceae,mischococcales,pleurochloridaceae,meringosphaera,mediterranea,yes,meringosphaera mediterranea,,
medplanktonset,Mesodinium_spp,chromista,ciliophora,litostomatea,cyclotrichiida,mesodiniidae,mesodinium,,yes,mesodinium,,
medplanktonset,Naked_dinoflagellates,chromista,myzozoa,dinophyceae,,,,,yes,dinophyceae,,
medplanktonset,Neobrightwellia_alternans,chromista,heterokontophyta,bacillariophyceae,biddulphiales,biddulphiaceae,neobrightwellia,alternans,yes,neobrightwellia alternans,,
medplanktonset,Octactis_octonaria,chromista,ochrophyta,dictyochophyceae,dictyochales,dictyochaceae,octactis,octonaria,yes,octactis octonaria,,
medplanktonset,Oltmannsiellopsis_viridis,plantae,chlorophyta,ulvophyceae,oltmannsiellopsidales,oltmannsiellopsidaceae,oltmannsiellopsis,viridis,yes,oltmannsiellopsis viridis,,
medplanktonset,Ophiaster_spp,chromista,haptophyta,coccolithophyceae,syracosphaerales,syracosphaeraceae,ophiaster,,yes,ophiaster,,
medplanktonset,Ornithocercus_spp._Histioneis_spp,chromista,myzozoa,dinophyceae,dinophysales,dinophysaceae,,,yes,dinophysaceae,,
medplanktonset,Oxytoxum_cf._caudatum,chromista,myzozoa,dinophyceae,peridiniales,oxytoxaceae,oxytoxum,caudatum,yes,oxytoxum caudatum,,
medplanktonset,Oxytoxum_cf._scolopax,chromista,myzozoa,dinophyceae,peridiniales,oxytoxaceae,oxytoxum,scolopax,yes,oxytoxum scolopax,,
medplanktonset,Oxytoxum_cf._variabile,chromista,myzozoa,dinophyceae,peridiniales,oxytoxaceae,oxytoxum,variabile,yes,oxytoxum variabile,,
medplanktonset,Oxytoxum_spp,chromista,myzozoa,dinophyceae,peridiniales,oxytoxaceae,oxytoxum,,yes,oxytoxum,,
medplanktonset,Pennate_diatoms,chromista,heterokontophyta,bacillariophyceae,pennales,,,,yes,pennales,,
medplanktonset,Phaeocystis_jahnii,chromista,haptophyta,coccolithophyceae,phaeocystales,phaeocystaceae,phaeocystis,jahnii,yes,phaeocystis jahnii,,
medplanktonset,Phalacroma_oxytoxoides,chromista,myzozoa,dinophyceae,dinophysales,oxyphysaceae,phalacroma,oxytoxoides,yes,phalacroma oxytoxoides,,
medplanktonset,Phalacroma_spp,chromista,myzozoa,dinophyceae,dinophysales,oxyphysaceae,phalacroma,,yes,phalacroma,,
medplanktonset,Plagiotropis_spp,chromista,heterokontophyta,bacillariophyceae,naviculales,plagiotropidaceae,plagiotropis,,yes,plagiotropis,,
medplanktonset,Pleurosigma spp._Gyrosigma_spp,chromista,heterokontophyta,bacillariophyceae,naviculales,pleurosigmataceae,,,yes,pleurosigmataceae,,
medplanktonset,Podolampas_palmipes,chromista,myzozoa,dinophyceae,peridiniales,podolampadaceae,podolampas,palmipes,yes,podolampas palmipes,,
medplanktonset,Polykrikos_kofoidii,chromista,myzozoa,dinophyceae,gymnodiniales,polykrikaceae,polykrikos,kofoidii,yes,polykrikos kofoidii,,
medplanktonset,Proboscia_spp._Rhizosolenia_spp,chromista,heterokontophyta,bacillariophyceae,rhizosoleniales,rhizosoleniaceae,,,yes,rhizosoleniaceae,,
medplanktonset,Prorocentrum_cf._gracile,chromista,myzozoa,dinophyceae,prorocentrales,prorocentraceae,prorocentrum,gracile,yes,prorocentrum gracile,,
medplanktonset,Prorocentrum_redfieldii,chromista,myzozoa,dinophyceae,prorocentrales,prorocentraceae,prorocentrum,redfieldii,yes,prorocentrum redfieldii,,
medplanktonset,Protoceratium_reticulatum,chromista,myzozoa,dinophyceae,gonyaulacales,protoceratiaceae,protoceratium,reticulatum,yes,protoceratium reticulatum,,
medplanktonset,Protoperidinium_cf._divergens,chromista,myzozoa,dinophyceae,peridiniales,protoperidiniaceae,protoperidinium,divergens,yes,protoperidinium divergens,,
medplanktonset,Protoperidinium_diabolus,chromista,myzozoa,dinophyceae,peridiniales,protoperidiniaceae,protoperidinium,diabolus,yes,protoperidinium diabolus,,
medplanktonset,Pseliodinium_fusus,chromista,myzozoa,dinophyceae,peridiniales,ceratoperidiniaceae,pseliodinium,fusus,yes,pseliodinium fusus,,
medplanktonset,Pseudo-nitzschia_spp._2_cells,chromista,heterokontophyta,bacillariophyceae,bacillariales,bacillariaceae,pseudo-nitzschia,,yes,pseudo-nitzschia,,
medplanktonset,Pseudo-nitzschia_spp._3_cells,chromista,heterokontophyta,bacillariophyceae,bacillariales,bacillariaceae,pseudo-nitzschia,,yes,pseudo-nitzschia,,
medplanktonset,Pseudo-nitzschia_spp._4_cells,chromista,heterokontophyta,bacillariophyceae,bacillariales,bacillariaceae,pseudo-nitzschia,,yes,pseudo-nitzschia,,
medplanktonset,Pseudo-nitzschia_spp._5_cells,chromista,heterokontophyta,bacillariophyceae,bacillariales,bacillariaceae,pseudo-nitzschia,,yes,pseudo-nitzschia,,
medplanktonset,Pseudo-nitzschia_spp._6_cells,chromista,heterokontophyta,bacillariophyceae,bacillariales,bacillariaceae,pseudo-nitzschia,,yes,pseudo-nitzschia,,
medplanktonset,Pseudo-nitzschia_spp._7_cells,chromista,heterokontophyta,bacillariophyceae,bacillariales,bacillariaceae,pseudo-nitzschia,,yes,pseudo-nitzschia,,
medplanktonset,Pseudo-nitzschia_spp._single_cell,chromista,heterokontophyta,bacillariophyceae,bacillariales,bacillariaceae,pseudo-nitzschia,,yes,pseudo-nitzschia,,
medplanktonset,Pseudosolenia_calcar-avis,chromista,heterokontophyta,bacillariophyceae,rhizosoleniales,rhizosoleniaceae,pseudosolenia,calcar-avis,yes,pseudosolenia calcar-avis,,
medplanktonset,Pterosperma_spp,plantae,chlorophyta,pyramimonadophyceae,pyramimonadales,pterospermataceae,pterosperma,,yes,pterosperma,,
medplanktonset,Pyramimonas_spp,plantae,chlorophyta,pyramimonadophyceae,pyramimonadales,pyramimonadaceae,pyramimonas,,yes,pyramimonas,,
medplanktonset,Pyrocystis_cf._lunula,chromista,myzozoa,dinophyceae,gonyaulacales,pyrocystaceae,pyrocystis,lunula,yes,pyrocystis lunula,,
medplanktonset,Pyrophacus_horologium,chromista,myzozoa,dinophyceae,gonyaulacales,pyrophacaceae,pyrophacus,horologium,yes,pyrophacus horologium,,
medplanktonset,Radiolaria,chromista,radiozoa,,,,,,yes,radiozoa,,
medplanktonset,Rhabdosphaera_clavigera,chromista,haptophyta,coccolithophyceae,syracosphaerales,rhabdosphaeraceae,rhabdosphaera,clavigera,yes,rhabdosphaera clavigera,,
medplanktonset,Scrippsiella_acuminata_like,chromista,myzozoa,dinophyceae,thoracosphaerales,thoracosphaeraceae,scrippsiella,,yes,scrippsiella,,
medplanktonset,Scyphosphaera_apsteinii,chromista,haptophyta,coccolithophyceae,zygodiscales,pontosphaeraceae,scyphosphaera,apsteinii,yes,scyphosphaera apsteinii,,
medplanktonset,Skeletonema_menzelii,chromista,heterokontophyta,bacillariophyceae,thalassiosirales,skeletonemaceae,skeletonema,menzelii,yes,skeletonema menzelii,,
medplanktonset,Skeletonema_pseudocostatum_Skeletonema_tropicum,chromista,heterokontophyta,bacillariophyceae,thalassiosirales,skeletonemaceae,skeletonema,,yes,skeletonema,,
medplanktonset,Sourniaea_diacantha,chromista,myzozoa,dinophyceae,gonyaulacales,lingulodiniaceae,sourniaea,diacantha,yes,sourniaea diacantha,,
medplanktonset,Syracosphaera_pulchra,chromista,haptophyta,coccolithophyceae,syracosphaerales,syracosphaeraceae,syracosphaera,pulchra,yes,syracosphaera pulchra,,
medplanktonset,Tenuicylindrus_belgicus,chromista,heterokontophyta,bacillariophyceae,leptocylindrales,leptocylindraceae,tenuicylindrus,belgicus,yes,tenuicylindrus belgicus,,
medplanktonset,Thalassionema_spp,chromista,heterokontophyta,bacillariophyceae,thalassionematales,thalassionemataceae,thalassionema,,yes,thalassionema,,
medplanktonset,Thalassiosira_gravida,chromista,heterokontophyta,bacillariophyceae,thalassiosirales,thalassiosiraceae,thalassiosira,gravida,yes,thalassiosira gravida,,
medplanktonset,Thalassiosira_spp,chromista,heterokontophyta,bacillariophyceae,thalassiosirales,thalassiosiraceae,thalassiosira,,yes,thalassiosira,,
medplanktonset,Tiarina_spp,chromista,ciliophora,prostomatea,prorodontida,colepidae,tiarina,,yes,tiarina,,
medplanktonset,Tintinnids,chromista,ciliophora,oligotrichea,choreotrichida,,,,yes,choreotrichida,,
medplanktonset,Torodinium_spp,chromista,myzozoa,dinophyceae,gymnodiniales,gymnodiniaceae,torodinium,,yes,torodinium,,
medplanktonset,Trachymedusae,animalia,cnidaria,hydrozoa,trachymedusae,,,,yes,trachymedusae,,
medplanktonset,Trieres_mobiliensis,chromista,heterokontophyta,bacillariophyceae,triceratiales,triceratiaceae,trieres,mobiliensis,yes,trieres mobiliensis,,
medplanktonset,Tripos_arietinus,chromista,myzozoa,dinophyceae,gonyaulacales,ceratiaceae,tripos,arietinus,yes,tripos arietinus,,
medplanktonset,Tripos_azoricus,chromista,myzozoa,dinophyceae,gonyaulacales,ceratiaceae,tripos,azoricus,yes,tripos azoricus,,
medplanktonset,Tripos_cf._minutus,chromista,myzozoa,dinophyceae,gonyaulacales,ceratiaceae,tripos,minutus,yes,tripos minutus,,
medplanktonset,Tripos_concilians,chromista,myzozoa,dinophyceae,gonyaulacales,ceratiaceae,tripos,concilians,yes,tripos concilians,,
medplanktonset,Tripos_contortus,chromista,myzozoa,dinophyceae,gonyaulacales,ceratiaceae,tripos,contortus,yes,tripos contortus,,
medplanktonset,Tripos_declinatus,chromista,myzozoa,dinophyceae,gonyaulacales,ceratiaceae,tripos,declinatus,yes,tripos declinatus,,
medplanktonset,Tripos_euarcuatus,chromista,myzozoa,dinophyceae,gonyaulacales,ceratiaceae,tripos,euarcuatus,yes,tripos euarcuatus,,
medplanktonset,Tripos_furca,chromista,myzozoa,dinophyceae,gonyaulacales,ceratiaceae,tripos,furca,yes,tripos furca,,
medplanktonset,Tripos_fusus,chromista,myzozoa,dinophyceae,gonyaulacales,ceratiaceae,tripos,fusus,yes,tripos fusus,,
medplanktonset,Tripos_horridus,chromista,myzozoa,dinophyceae,gonyaulacales,ceratiaceae,tripos,horridus,yes,tripos horridus,,
medplanktonset,Tripos_macroceros,chromista,myzozoa,dinophyceae,gonyaulacales,ceratiaceae,tripos,macroceros,yes,tripos macroceros,,
medplanktonset,Tripos_muelleri-like,chromista,myzozoa,dinophyceae,gonyaulacales,ceratiaceae,tripos,,yes,tripos,,
medplanktonset,Tripos_pentagonus,chromista,myzozoa,dinophyceae,gonyaulacales,ceratiaceae,tripos,pentagonus,yes,tripos pentagonus,,
medplanktonset,Tripos_spp,chromista,myzozoa,dinophyceae,gonyaulacales,ceratiaceae,tripos,,yes,tripos,,
medplanktonset,Tripos_symmetricus,chromista,myzozoa,dinophyceae,gonyaulacales,ceratiaceae,tripos,symmetricus,yes,tripos symmetricus,,
medplanktonset,Tripos_teres,chromista,myzozoa,dinophyceae,gonyaulacales,ceratiaceae,tripos,teres,yes,tripos teres,,
medplanktonset,Umbilicosphaera_sibogae,chromista,haptophyta,coccolithophyceae,coccolithales,calcidiscaceae,umbilicosphaera,sibogae,yes,umbilicosphaera sibogae,,
medplanktonset,Warnowia_polyphemus,chromista,myzozoa,dinophyceae,gymnodiniales,warnowiaceae,warnowia,polyphemus,yes,warnowia polyphemus,,
jedioceans,LClass_26.Chaetognatha,animalia,chaetognatha,,,,,,yes,chaetognatha,,
jedioceans,LClass_27.Hydrozoa,animalia,cnidaria,hydrozoa,,,,,yes,hydrozoa,,
jedioceans,LClass_28.Larvacea,animalia,chordata,appendicularia,,,,,yes,appendicularia,,
jedioceans,LClass_29.Polychaeta,animalia,annelida,polychaeta,,,,,yes,polychaeta,,
jedioceans,LClass_30.Benthic_algae,chromista,,,,,,,yes,chromista,,
jedioceans,LClass_30.Bentic_algae,chromista,,,,,,,yes,chromista,,
jedioceans,LClass_31.Polyp,animalia,cnidaria,,,,,,yes,cnidaria,,
jedioceans,LClass_32.1Adult_Fish,animalia,chordata,,,,,,yes,chordata,,
jedioceans,LClass_33.Air_bubble,,,,,,,,,,,
jedioceans,LClass_Ba.22.Cypris_larva,animalia,arthropoda,thecostraca,,,,,yes,thecostraca,,
jedioceans,LClass_Ba.Barnacle_nauplius,animalia,arthropoda,thecostraca,,,,,yes,thecostraca,,
jedioceans,LClass_Barnacle_exuviae,animalia,arthropoda,thecostraca,,,,,yes,thecostraca,,
jedioceans,LClass_Benthic_algae,chromista,,,,,,,yes,chromista,,
jedioceans,LClass_Bivalvia,animalia,mollusca,bivalvia,,,,,yes,bivalvia,,
jedioceans,LClass_CC.Copepod,animalia,arthropoda,copepoda,,,,,yes,copepoda,,
jedioceans,LClass_Chaetognatha,animalia,chaetognatha,,,,,,yes,chaetognatha,,
jedioceans,LClass_Cr.16.Decapoda,animalia,arthropoda,malacostraca,decapoda,,,,yes,decapoda,,
jedioceans,LClass_Cr.Crustacea,animalia,arthropoda,,,,,,yes,arthropoda,,
jedioceans,LClass_Crinoidea,animalia,echinodermata,crinoidea,,,,,yes,crinoidea,,
jedioceans,LClass_Crust.+Decap,animalia,arthropoda,,,,,,yes,arthropoda,,
jedioceans,LClass_Cy.1.Trichodesmium,bacteria,cyanobacteria,cyanophyceae,oscillatoriales,microcoleaceae,trichodesmium,,yes,trichodesmium,,
jedioceans,LClass_Cy.1.Trichodesmium_spp,bacteria,cyanobacteria,cyanophyceae,oscillatoriales,microcoleaceae,trichodesmium,,yes,trichodesmium,,
jedioceans,LClass_Cy.1.Trichodesmium_tuft,bacteria,cyanobacteria,cyanophyceae,oscillatoriales,microcoleaceae,trichodesmium,,yes,trichodesmium,,
jedioceans,LClass_Cy.2.Trichodesmium,bacteria,cyanobacteria,cyanophyceae,oscillatoriales,microcoleaceae,trichodesmium,,yes,trichodesmium,,
jedioceans,LClass_Cy.Trichodesmium_,bacteria,cyanobacteria,cyanophyceae,oscillatoriales,microcoleaceae,trichodesmium,,yes,trichodesmium,,
jedioceans,LClass_Detritus,,,,,,,,,,,
jedioceans,LClass_Detritus_dot,,,,,,,,,,,
jedioceans,LClass_Detritus_stickers,,,,,,,,,,,
jedioceans,LClass_Df.02.Ceratium,chromista,myzozoa,dinophyceae,gonyaulacales,ceratiaceae,ceratium,,yes,ceratium,,
jedioceans,LClass_Df.03.Noctiluca_scintillans,chromista,myzozoa,dinophyceae,noctilucales,noctilucaceae,noctiluca,scintillans,yes,noctiluca scintillans,,
jedioceans,LClass_Di.Diatom,chromista,heterokontophyta,bacillariophyceae,,,,,yes,bacillariophyceae,,
jedioceans,LClass_Dinoflagellate,chromista,myzozoa,dinophyceae,,,,,yes,dinophyceae,,
jedioceans,LClass_Doubts,,,,,,,,,,,
jedioceans,LClass_Doutbs,,,,,,,,,,,
jedioceans,LClass_Fish_larvae,animalia,chordata,,,,,,yes,chordata,,
jedioceans,LClass_Foraminiferida,chromista,foraminifera,,,,,,yes,foraminifera,,
jedioceans,LClass_Halacaridae,animalia,arthropoda,arachnida,trombidiformes,halacaridae,,,yes,halacaridae,,
jedioceans,LClass_Larvacea,animalia,chordata,appendicularia,,,,,yes,appendicularia,,
jedioceans,LClass_Mollusca,animalia,mollusca,,,,,,yes,mollusca,,
jedioceans,LClass_Multiple_organisms,,,,,,,,,,,
jedioceans,LClass_Noctiluca_eggs,chromista,myzozoa,dinophyceae,noctilucales,noctilucaceae,noctiluca,,yes,noctiluca,,
jedioceans,LClass_Organism_parts_general,,,,,,,,,,,
jedioceans,LClass_Pa.35.Marine_snow,,,,,,,,,,,
jedioceans,LClass_Pa.35.Marine_snow_aggregate_large,,,,,,,,,,,
jedioceans,LClass_Pa.35.Marine_snow_aggregate_medium,,,,,,,,,,,
jedioceans,LClass_Pa.35.Marine_snow_aggregate_small,,,,,,,,,,,
jedioceans,LClass_Pa.35.Marine_snow_com_large,,,,,,,,,,,
jedioceans,LClass_Pa.35.Marine_snow_com_medium,,,,,,,,,,,
jedioceans,LClass_Pa.35.Marine_snow_com_small,,,,,,,,,,,
jedioceans,LClass_Pa.35.Marine_snow_stick,,,,,,,,,,,
jedioceans,LClass_Pa.36.Fecal_pellets,,,,,,,,,,,
jedioceans,LClass_Pa.36.Fecal_pellets_New,,,,,,,,,,,
jedioceans,LClass_Pa.37.Barnacle_exuviae,animalia,arthropoda,thecostraca,,,,,yes,thecostraca,,
jedioceans,LClass_Pa.39.Mineral,,,,,,,,,,,
jedioceans,LClass_Pa.Mineral,,,,,,,,,,,
jedioceans,LClass_Pa.Other_exuviae,,,,,,,,,,,
jedioceans,LClass_Pluteos,animalia,echinodermata,,,,,,yes,echinodermata,,
jedioceans,LClass_Polyp,animalia,cnidaria,,,,,,yes,cnidaria,,
jedioceans,LClass_Pteropod,animalia,mollusca,gastropoda,pteropoda,,,,yes,pteropoda,,
jedioceans,LClass_Ra.25.Radiolaria,chromista,radiozoa,,,,,,yes,radiozoa,,
jedioceans,LClass_Ra.25.Radiolaria_2,chromista,radiozoa,,,,,,yes,radiozoa,,
jedioceans,LClass_Ra.Radiolaria,chromista,radiozoa,,,,,,yes,radiozoa,,
jedioceans,LClass_Rhizaria_others,chromista,,,,,,,yes,chromista,,
jedioceans,LClass_Tintinnida,chromista,ciliophora,oligotrichea,choreotrichida,,,,yes,choreotrichida,,
jedioceans,LClass_Unfocussed,,,,,,,,,,,
jedioceans,LClass_Unkown,,,,,,,,,,,
jedioceans,LClass_appendicularia,animalia,chordata,appendicularia,,,,,yes,appendicularia,,
jedioceans,LClass_barnacle,animalia,arthropoda,thecostraca,,,,,yes,thecostraca,,
jedioceans,LClass_bentic_algae,chromista,,,,,,,yes,chromista,,
jedioceans,LClass_carapace,animalia,arthropoda,,,,,,yes,arthropoda,,
jedioceans,LClass_chaetognata,animalia,chaetognatha,,,,,,yes,chaetognatha,,
jedioceans,LClass_cilliate,chromista,ciliophora,,,,,,yes,ciliophora,,
jedioceans,LClass_cnidaria,animalia,cnidaria,,,,,,yes,cnidaria,,
jedioceans,LClass_crus_doubt,animalia,arthropoda,,,,,,yes,arthropoda,,
jedioceans,LClass_dinoflagelate,chromista,myzozoa,dinophyceae,,,,,yes,dinophyceae,,
jedioceans,LClass_doubt,,,,,,,,,,,
jedioceans,LClass_egg,chromista,foraminifera,globothalamea,textulariida,eggerellidae,eggerella,,yes,eggerella,,
jedioceans,LClass_eggs,,,,,,,,,,,
jedioceans,LClass_enteropneusta_larvae,animalia,hemichordata,enteropneusta,,,,,yes,enteropneusta,,
jedioceans,LClass_fish_lavae,animalia,chordata,,,,,,yes,chordata,,
jedioceans,LClass_foraminifera,chromista,foraminifera,,,,,,yes,foraminifera,,
jedioceans,LClass_gastropoda,animalia,mollusca,gastropoda,,,,,yes,gastropoda,,
jedioceans,LClass_hydracarina,animalia,arthropoda,arachnida,trombidiformes,,,,yes,trombidiformes,,
jedioceans,LClass_hydracarina_,animalia,arthropoda,arachnida,trombidiformes,,,,yes,trombidiformes,,
jedioceans,LClass_multiple,animalia,cnidaria,hexacorallia,scleractinia,caryophylliidae,multiplexcyathus,,yes,multiplexcyathus,,
jedioceans,LClass_organism_border,,,,,,,,,,,
jedioceans,LClass_partCrustaceo,animalia,arthropoda,,,,,,yes,arthropoda,,
jedioceans,LClass_pluteus,animalia,echinodermata,,,,,,yes,echinodermata,,
jedioceans,LClass_pluteus_larvae,animalia,echinodermata,,,,,,yes,echinodermata,,
jedioceans,LClass_rhizaria_other,chromista,,,,,,,yes,chromista,,
jedioceans,LClass_salps,animalia,chordata,thaliacea,salpida,,,,yes,salpida,,
jedioceans,LClass_shell,animalia,arthropoda,diplopoda,polydesmida,paradoxosomatidae,shelleyomorpha,,yes,shelleyomorpha,,
jedioceans,LClass_siphonophora,animalia,arthropoda,diplopoda,siphonophorida,siphonophoridae,siphonophora,,yes,siphonophora,,
jedioceans,LClass_unknown,,,,,,,,,,,
jedioceans,LRaw,,,,,,,,,,,
isiisnet,Acantharea,chromista,radiozoa,acantharia,,,,,yes,acantharia,True,True
isiisnet,Actinopterygii,animalia,chordata,,,,,,yes,chordata,True,True
isiisnet,Annelida,animalia,annelida,,,,,,yes,annelida,True,True
isiisnet,Appendicularia,animalia,chordata,appendicularia,,,,,yes,appendicularia,True,True
isiisnet,Appendicularia_body,animalia,chordata,appendicularia,,,,,yes,appendicularia,True,True
isiisnet,Appendicularia_like_body,animalia,chordata,appendicularia,,,,,yes,appendicularia,True,True
isiisnet,Aulacanthidae,chromista,cercozoa,thecofilosea,phaeocystida,aulacanthidae,,,yes,aulacanthidae,True,True
isiisnet,Bacillariophyceae,chromista,heterokontophyta,bacillariophyceae,,,,,yes,bacillariophyceae,True,True
isiisnet,Chaetognatha,animalia,chaetognatha,,,,,,yes,chaetognatha,True,True
isiisnet,Cnidaria,animalia,cnidaria,,,,,,yes,cnidaria,True,True
isiisnet,colonial_colodaria,chromista,radiozoa,polycystina,nassellaria,,,,yes,nassellaria,True,True
isiisnet,Copepoda,animalia,arthropoda,copepoda,,,,,yes,copepoda,True,True
isiisnet,Crustacea,animalia,arthropoda,,,,,,yes,arthropoda,True,True
isiisnet,Ctenophora,chromista,heterokontophyta,bacillariophyceae,fragilariales,fragilariaceae,ctenophora,,yes,ctenophora,True,True
isiisnet,detritus,,,,,,,,,,False,False
isiisnet,Doliolida,animalia,chordata,thaliacea,doliolida,,,,yes,doliolida,True,True
isiisnet,ephyra,animalia,cnidaria,scyphozoa,,,,,yes,scyphozoa,True,True
isiisnet,Eumalacostraca,animalia,arthropoda,malacostraca,,,,,yes,malacostraca,True,True
isiisnet,Harpacticoida,animalia,arthropoda,copepoda,harpacticoida,,,,yes,harpacticoida,True,True
isiisnet,house,animalia,chordata,appendicularia,,,,,yes,appendicularia,True,True
isiisnet,like_Acantharea,chromista,radiozoa,acantharia,,,,,yes,acantharia,True,True
isiisnet,like_Copepoda,animalia,arthropoda,copepoda,,,,,yes,copepoda,True,True
isiisnet,Mollusca,animalia,mollusca,,,,,,yes,mollusca,True,True
isiisnet,other_living,,,,,,,,,,False,False
isiisnet,part_Cnidaria,animalia,cnidaria,,,,,,yes,cnidaria,True,True
isiisnet,Pyrocystis,chromista,myzozoa,dinophyceae,gonyaulacales,pyrocystaceae,pyrocystis,,yes,pyrocystis,True,True
isiisnet,Rhizaria,chromista,,,,,,,yes,chromista,True,True
isiisnet,Rhopalonematidae,animalia,cnidaria,hydrozoa,trachymedusae,rhopalonematidae,,,yes,rhopalonematidae,True,True
isiisnet,Siphonophorae,animalia,cnidaria,hydrozoa,siphonophorae,,,,yes,siphonophorae,True,True
isiisnet,solitaryblack,chromista,radiozoa,polycystina,nassellaria,,,,yes,nassellaria,True,True
isiisnet,streak,,,,,,,,,,False,False
isiisnet,vertical line,,,,,,,,,,False,False
flowcamnet,lightrods,,,,,,,,,,False,False
flowcamnet,Copepoda,animalia,arthropoda,copepoda,,,,,yes,copepoda,True,True
flowcamnet,darkrods,,,,,,,,,,False,False
flowcamnet,Appendicularia,animalia,chordata,appendicularia,,,,,yes,appendicularia,True,True
flowcamnet,Neoceratium pentagonum,chromista,myzozoa,dinophyceae,gonyaulacales,ceratiaceae,tripos,pentagonus,yes,tripos pentagonus,True,True
flowcamnet,Calanoida,animalia,arthropoda,copepoda,calanoida,,,,yes,calanoida,True,True
flowcamnet,badfocus,,,,,,,,,,False,False
flowcamnet,other_egg,,,,,,,,,,True,True
flowcamnet,Oithonidae,animalia,arthropoda,copepoda,cyclopoida,oithonidae,,,yes,oithonidae,True,True
flowcamnet,Rhizosoleniaceae,,,,,,,,,,True,True
flowcamnet,Undellidae,chromista,ciliophora,oligotrichea,choreotrichida,undellidae,,,yes,undellidae,True,True
flowcamnet,contrasted_blob,,,,,,,,,,False,False
flowcamnet,Dinophysis,chromista,myzozoa,dinophyceae,dinophysales,dinophysaceae,dinophysis,,yes,dinophysis,True,True
flowcamnet,Pseudo-Nitzschia chain,chromista,heterokontophyta,bacillariophyceae,bacillariales,bacillariaceae,pseudo-nitzschia,chain,yes,pseudo-nitzschia chain,True,True
flowcamnet,Acantharia,chromista,radiozoa,acantharia,symphyacanthida,amphilithidae,amphibelone,,yes,amphibelone,True,True
flowcamnet,Melosiraceae,chromista,heterokontophyta,bacillariophyceae,melosirales,melosiraceae,,,yes,melosiraceae,True,True
flowcamnet,light,animalia,mollusca,gastropoda,neogastropoda,fasciolariidae,lightbournus,,yes,lightbournus,False,False
flowcamnet,darksphere,,,,,,,,,,False,True
flowcamnet,nauplii,animalia,arthropoda,,,,,,yes,arthropoda,True,True
flowcamnet,Asterolamprales,chromista,heterokontophyta,bacillariophyceae,asterolamprales,,,,yes,asterolamprales,True,True
flowcamnet,Ornithocercus,chromista,myzozoa,dinophyceae,dinophysales,dinophysaceae,ornithocercus,magnificus,yes,ornithocercus magnificus,True,True
flowcamnet,pennate,chromista,heterokontophyta,bacillariophyceae,pennales,,,,yes,pennales,True,True
flowcamnet,Ditylum,chromista,heterokontophyta,bacillariophyceae,lithodesmiales,lithodesmiaceae,ditylum,,yes,ditylum,True,True
flowcamnet,dark,,,,,,,,,,False,False
flowcamnet,dinophyceae_shape,,,,,,,,,,False,False
flowcamnet,fiber,,,,,,,,,,False,False
flowcamnet,Cyttarocylididae,chromista,ciliophora,oligotrichea,choreotrichida,epiplocylididae,epiplocylis,,yes,epiplocylis,True,True
flowcamnet,Neoceratium fusus,chromista,myzozoa,dinophyceae,gonyaulacales,ceratiaceae,tripos,fusus,yes,tripos fusus,True,True
flowcamnet,Neoceratium furca,chromista,myzozoa,dinophyceae,gonyaulacales,ceratiaceae,tripos,furca,yes,tripos furca,True,True
flowcamnet,lightsphere,,,,,,,,,,False,True
flowcamnet,Podolampas,chromista,myzozoa,dinophyceae,peridiniales,podolampadaceae,podolampas,,yes,podolampas,True,True
flowcamnet,polar_view,chromista,myzozoa,dinophyceae,,,,,yes,dinophyceae,True,False
flowcamnet,ball_bearing_like,,,,,,,,,,False,False
flowcamnet,Gymnodiniales,chromista,myzozoa,dinophyceae,gymnodiniales,,,,yes,gymnodiniales,True,True
flowcamnet,Codonaria,chromista,ciliophora,oligotrichea,choreotrichida,codonellidae,codonaria,,yes,codonaria,True,True
flowcamnet,Oncaeidae,animalia,arthropoda,copepoda,cyclopoida,oncaeidae,,,yes,oncaeidae,True,True
flowcamnet,Steenstrupiella,chromista,ciliophora,oligotrichea,choreotrichida,tintinnidae,steenstrupiella,,yes,steenstrupiella,True,True
flowcamnet,Poroecus,chromista,ciliophora,oligotrichea,choreotrichida,codonellidae,poroecus,,yes,poroecus,True,True
flowcamnet,crumple sphere,,,,,,,,,,False,True
flowcamnet,cyano b,bacteria,cyanobacteria,,,,,,yes,cyanobacteria,True,True
flowcamnet,Fragilariopsis,chromista,heterokontophyta,bacillariophyceae,bacillariales,bacillariaceae,fragilariopsis,,yes,fragilariopsis,True,True
flowcamnet,Dictyocysta,chromista,ciliophora,oligotrichea,choreotrichida,dictyocystidae,dictyocysta,,yes,dictyocysta,True,True
flowcamnet,Cladopyxis,chromista,myzozoa,dinophyceae,gonyaulacales,cladopyxidaceae,cladopyxis,,yes,cladopyxis,True,True
flowcamnet,artefact,,,,,,,,,,False,False
flowcamnet,detritus,,,,,,,,,,False,False
flowcamnet,Guinardia,chromista,heterokontophyta,bacillariophyceae,rhizosoleniales,rhizosoleniaceae,guinardia,,yes,guinardia,True,True
flowcamnet,Nassellaria,chromista,radiozoa,polycystina,nassellaria,,,,yes,nassellaria,True,True
flowcamnet,part_Odontella,chromista,heterokontophyta,bacillariophyceae,triceratiales,triceratiaceae,odontella,,yes,odontella,True,True
flowcamnet,Katagnymene spiralis,bacteria,cyanobacteria,cyanophyceae,gomontiellales,gomontiellaceae,katagnymene,spiralis,yes,katagnymene spiralis,True,True
flowcamnet,part_Crustacea,animalia,arthropoda,,,,,,yes,arthropoda,True,True
flowcamnet,Xystonellidae,chromista,ciliophora,oligotrichea,choreotrichida,xystonellidae,,,yes,xystonellidae,True,True
flowcamnet,Bacteriastrum,chromista,heterokontophyta,bacillariophyceae,chaetocerotanae,chaetocerotaceae,bacteriastrum,,yes,bacteriastrum,True,True
flowcamnet,chainlarge,chromista,heterokontophyta,bacillariophyceae,fragilariales,fragilariaceae,diatoma,,yes,diatoma,True,True
flowcamnet,Chaetoceros,chromista,heterokontophyta,bacillariophyceae,chaetocerotanae,chaetocerotaceae,chaetoceros,,yes,chaetoceros,True,True
flowcamnet,Pyrocystaceae,chromista,myzozoa,dinophyceae,gonyaulacales,pyrocystaceae,,,yes,pyrocystaceae,True,True
flowcamnet,Ceratocorys,chromista,myzozoa,dinophyceae,gonyaulacales,ceratocoryaceae,ceratocorys,,yes,ceratocorys,True,True
flowcamnet,Pyrophacus,chromista,myzozoa,dinophyceae,gonyaulacales,pyrophacaceae,pyrophacus,,yes,pyrophacus,True,True
flowcamnet,Tintinnina,chromista,ciliophora,oligotrichea,choreotrichida,,,,yes,choreotrichida,True,True
flowcamnet,Richelia,bacteria,cyanobacteria,cyanophyceae,nostocales,rivulariaceae,richelia,,yes,richelia,True,True
flowcamnet,bubble,,,,,,,,,,False,False
flowcamnet,Climacodium inter. Crocosphaera,chromista,heterokontophyta,bacillariophyceae,hemiaulales,hemiaulaceae,climacodium,crocosphaera,yes,climacodium crocosphaera,True,True
flowcamnet,Rhabdonellidae,chromista,ciliophora,oligotrichea,choreotrichida,rhabdonellidae,rhabdonella,,yes,rhabdonella,True,True
flowcamnet,Retaria,chromista,,,,,,,yes,chromista,True,True
flowcamnet,Neoceratium,chromista,myzozoa,dinophyceae,gonyaulacales,ceratiaceae,neoceratium,,yes,neoceratium,True,True
flowcamnet,Dinophyceae,chromista,myzozoa,dinophyceae,gonyaulacales,,,,yes,gonyaulacales,True,True
flowcamnet,Coscinodiscaceae,chromista,heterokontophyta,bacillariophyceae,coscinodiscales,coscinodiscaceae,,,yes,coscinodiscaceae,True,True
flowcamnet,Planktoniella sol,chromista,heterokontophyta,bacillariophyceae,thalassiosirales,thalassiosiraceae,planktoniella,sol,yes,planktoniella sol,True,True
flowcamnet,Hemiaulus,chromista,heterokontophyta,bacillariophyceae,hemiaulales,hemiaulaceae,hemiaulus,,yes,hemiaulus,True,True
flowcamnet,cyano a,bacteria,cyanobacteria,,,,,,yes,cyanobacteria,True,True
flowcamnet,transparent_u,,,,,,,,,,False,False
flowcamnet,other_living,,,,,,,,,,False,True
flowcamnet,Oxytoxum,chromista,myzozoa,dinophyceae,peridiniales,oxytoxaceae,oxytoxum,,yes,oxytoxum,True,True
flowcamnet,Metacylis,chromista,ciliophora,oligotrichea,choreotrichida,metacylididae,metacylis,,yes,metacylis,True,True
flowcamnet,Eutintinnus,chromista,ciliophora,oligotrichea,choreotrichida,eutintinnidae,eutintinnus,,yes,eutintinnus,True,True
flowcamnet,Nitzschia,chromista,heterokontophyta,bacillariophyceae,bacillariales,bacillariaceae,nitzschia,,yes,nitzschia,True,True
flowcamnet,Thalassionematales,chromista,heterokontophyta,bacillariophyceae,thalassionematales,,,,yes,thalassionematales,True,True
flowcamnet,Codonellopsis,chromista,ciliophora,oligotrichea,choreotrichida,codonellopsidae,codonellopsis,morchella,yes,codonellopsis morchella,True,True
flowcamnet,Bacillariophyceae,chromista,heterokontophyta,bacillariophyceae,,,,,yes,bacillariophyceae,True,True
flowcamnet,part_Ditylum,chromista,heterokontophyta,bacillariophyceae,lithodesmiales,lithodesmiaceae,ditylum,,yes,ditylum,True,True
flowcamnet,Protoperidinium,chromista,myzozoa,dinophyceae,peridiniales,protoperidiniaceae,protoperidinium,,yes,protoperidinium,True,True
flowcamnet,Chaetoceros peruvianus,chromista,heterokontophyta,bacillariophyceae,chaetocerotanae,chaetocerotaceae,chaetoceros,peruvianus,yes,chaetoceros peruvianus,True,True
flowcamnet,Dactyliosolen,chromista,heterokontophyta,bacillariophyceae,rhizosoleniales,rhizosoleniaceae,dactyliosolen,,yes,dactyliosolen,True,True
flowcamnet,UCYNA like,bacteria,cyanobacteria,cyanophyceae,,,,,yes,cyanophyceae,True,True
flowcamnet,Ciliophora,chromista,ciliophora,,,,,,yes,ciliophora,True,True
flowcamnet,Spumellaria,chromista,radiozoa,polycystina,spumellaria,,,,yes,spumellaria,True,True
flowcamnet,Climacodium,chromista,heterokontophyta,bacillariophyceae,hemiaulales,hemiaulaceae,climacodium,,yes,climacodium,True,True
flowcamnet,Amphorides,chromista,ciliophora,oligotrichea,choreotrichida,tintinnidae,amphorides,,yes,amphorides,True,True
flowcamnet,part_Ciliophora,chromista,ciliophora,,,,,,yes,ciliophora,True,True
flowcamnet,chainthin,chromista,heterokontophyta,bacillariophyceae,fragilariales,fragilariaceae,diatoma,,yes,diatoma,True,True
flowcamnet,Odontella,chromista,heterokontophyta,bacillariophyceae,triceratiales,triceratiaceae,odontella,,yes,odontella,True,True
flowcamnet,Salpingella,chromista,ciliophora,oligotrichea,choreotrichida,tintinnidae,salpingella,,yes,salpingella,True,True
flowcamnet,Rhizosolenia inter. Richelia,chromista,heterokontophyta,bacillariophyceae,rhizosoleniales,rhizosoleniaceae,rhizosolenia,richelia,yes,rhizosolenia richelia,True,True
flowcamnet,Foraminifera,chromista,foraminifera,,,,,,yes,foraminifera,True,True
